"motif","observed","background","percent.observed","percent.background","fold.enrichment","pvalue","motif.name","p.adjust"
"MA1513.1",663,12545,56.763698630137,31.3625,1.80992263467954,6.21016342238683e-74,"KLF15",4.63278191310057e-71
"MA0685.1",605,11965,51.7979452054795,29.9125,1.73164881589568,1.25546956946185e-56,"SP4",4.68290149409271e-54
"MA0079.4",612,12212,52.3972602739726,30.53,1.71625484028734,3.75087493114654e-56,"SP1",7.18170550209336e-54
"MA0746.2",671,14050,57.4486301369863,35.125,1.63554818895335,3.85078043007687e-56,"SP3",7.18170550209336e-54
"MA0740.1",511,9299,43.75,23.2475,1.88192278739649,1.35268707223473e-55,"KLF14",2.01820911177421e-53
"MA0076.2",334,4844,28.5958904109589,12.11,2.36134520321709,1.70461051043726e-53,"ELK4",2.11939906797699e-51
"MA0750.2",373,6121,31.9349315068493,15.3025,2.08690942701188,1.88290082562968e-47,"ZBTB7A",2.00663430845678e-45
"MA1516.1",435,7790,37.2431506849315,19.475,1.91235690294899,8.75617365317295e-47,"KLF3",8.16513193158378e-45
"MA1564.1",687,15347,58.8184931506849,38.3675,1.53302907801355,1.0545182874223e-46,"SP9",8.74078491574487e-45
"MA0765.2",277,3893,23.7157534246575,9.7325,2.43675863597817,7.72506174267496e-46,"ETV5",5.76289606003552e-44
"MA0506.1",385,6772,32.9623287671233,16.93,1.94697748181472,5.43421782556378e-42,"NRF1",3.68538772533689e-40
"MA1650.1",365,6358,31.25,15.895,1.96602705253224,2.62775989121795e-40,"ZBTB14",1.63359073237383e-38
"MA1515.1",620,13862,53.0821917808219,34.655,1.53173255751903,3.34159621145724e-39,"KLF2",1.91756213365161e-37
"MA1517.1",475,9589,40.6678082191781,23.9725,1.69643584186789,1.15108419430764e-37,"KLF6",6.13363434966784e-36
"MA0645.1",291,4815,24.9143835616438,12.0375,2.06973072163189,6.46568501320913e-35,"ETV6",3.21560067990267e-33
"MA0759.1",216,3076,18.4931506849315,7.69,2.4048310383526,3.57669663631302e-34,"ELK3",1.66763480668095e-32
"MA0156.2",207,2890,17.722602739726,7.225,2.45295539650187,7.26993577344535e-34,"FEV",3.19021887470013e-32
"MA1512.1",599,13741,51.2842465753425,34.3525,1.49288251438301,1.45550193938472e-33,"KLF11",6.03224692656113e-32
"MA0028.2",213,3084,18.236301369863,7.71,2.3652790362987,1.18260999299398e-32,"ELK1",4.64330028828163e-31
"MA0475.2",209,3053,17.8938356164384,7.6325,2.34442654653631,1.76537297858181e-31,"FLI1",6.58484121011015e-30
"MA0599.1",790,20455,67.6369863013699,51.1375,1.32264945101677,3.60006844731649e-31,"KLF5",1.27888145795148e-29
"MA0098.3",212,3170,18.1506849315068,7.925,2.29030724687784,1.4737891271591e-30,"ETS1",4.99748494936678e-29
"MA0162.4",572,13327,48.972602739726,33.3175,1.46987627342166,2.60241206339064e-29,"EGR1",8.44086695343226e-28
"MA0742.1",379,7592,32.4486301369863,18.98,1.70962224114786,6.42526533589022e-29,"Klf12",1.99718664190588e-27
"MA1653.1",763,19830,65.3253424657534,49.575,1.31770736189114,2.4712475796215e-28,"ZNF148",7.37420277759054e-27
"MA0641.1",239,3981,20.4623287671233,9.9525,2.05599887135125,1.03336385851698e-27,"ELF4",2.96495937866795e-26
"MA0146.2",441,9535,37.7568493150685,23.8375,1.58392655752778,3.2606895528068e-27,"Zfx",9.00916446812546e-26
"MA0763.1",194,2937,16.6095890410959,7.3425,2.26211631475599,3.47567818150681e-27,"ETV3",9.26019972644315e-26
"MA1483.1",222,3608,19.0068493150685,9.02,2.10718950277921,4.8181687566649e-27,"ELF2",1.23943237671449e-25
"MA0741.1",709,18176,60.7020547945205,45.44,1.33587268473857,1.71657564667665e-26,"KLF16",4.26855144140259e-25
"MA0474.2",198,3094,16.9520547945205,7.735,2.19160372262709,4.67416327543505e-26,"ERG",1.12481477531437e-24
"MA0748.2",205,3272,17.5513698630137,8.18,2.14564423753224,7.49128509201692e-26,"YY2",1.74640583707644e-24
"MA0747.1",624,15444,53.4246575342466,38.61,1.383700013837,1.73677275385524e-25,"SP8",3.92615901326063e-24
"MA0760.1",198,3236,16.9520547945205,8.09,2.09543322552788,1.05439972951987e-23,"ERF",2.3134770535936e-22
"MA1511.1",540,13102,46.2328767123288,32.755,1.41147539955209,1.89847433436276e-22,"KLF10",4.04646243838462e-21
"MA1596.1",610,15373,52.2260273972603,38.4325,1.35890268385508,2.18963542358809e-22,"ZNF460",4.5374111833242e-21
"MA1484.1",198,3421,16.9520547945205,8.5525,1.98211690085011,6.57308192437587e-21,"ETS2",1.32527543664443e-19
"MA0039.4",747,20262,63.9554794520548,50.655,1.26256992304915,1.00643471881931e-20,"KLF4",1.97579026378738e-19
"MA0516.2",599,15296,51.2842465753425,38.24,1.34111523471084,2.97122076570888e-20,"SP2",5.68341202876622e-19
"MA1122.1",246,4712,21.0616438356164,11.78,1.78791543596065,3.57217311141159e-20,"TFDP1",6.66210285278262e-19
"MA0732.1",375,8380,32.1061643835616,20.95,1.53251381305783,1.09998968860484e-19,"EGR3",2.0014446529249e-18
"MA0471.2",495,12055,42.3801369863014,30.1375,1.40622603023812,1.69706952712571e-19,"E2F6",3.01431873151377e-18
"MA0527.1",134,2070,11.472602739726,5.175,2.21692806564754,5.06472071410931e-18,"ZBTB33",8.78670151796639e-17
"MA1099.2",182,3304,15.5821917808219,8.26,1.88646389598328,5.01494232789998e-17,"HES1",8.50260676503041e-16
"MA0657.1",220,4299,18.8356164383562,10.7475,1.7525579379722,5.82315661265774e-17,"KLF13",9.65349962898372e-16
"MA0472.2",233,4735,19.9486301369863,11.8375,1.68520634736949,4.91994808036711e-16,"EGR2",7.97887232163884e-15
"MA1102.2",425,10405,36.3869863013699,26.0125,1.39882696016799,1.45671437383549e-15,"CTCFL",2.31214664442825e-14
"MA0136.2",238,4938,20.3767123287671,12.345,1.65060448187664,2.29592675667214e-15,"ELF5",3.56825283432796e-14
"MA0632.2",224,4582,19.1780821917808,11.455,1.674210579815,4.3445605216228e-15,"TCFL5",6.61437173291961e-14
"MA0598.3",366,8743,31.3356164383562,21.8575,1.43363222867923,1.52266427908735e-14,"EHF",2.27181510439833e-13
"MA0733.1",314,7248,26.8835616438356,18.12,1.48364026731985,4.01170699428622e-14,"EGR4",5.86810474066181e-13
"MA0473.3",386,9626,33.0479452054795,24.065,1.37327842117097,1.19264134904478e-12,"ELF1",1.7109816276681e-11
"MA0062.3",384,9582,32.8767123287671,23.955,1.37243633182079,1.55676622091757e-12,"GABPA",2.19122188831039e-11
"MA1584.1",260,5901,22.2602739726027,14.7525,1.5089153684191,2.51257549558695e-12,"ZIC5",3.47107651797753e-11
"MA0686.1",118,2065,10.1027397260274,5.1625,1.95694716242661,2.98255138203462e-12,"SPDEF",4.04542423817787e-11
"MA1599.1",309,7366,26.4554794520548,18.415,1.43662663329106,3.9741252405869e-12,"ZNF682",5.29410255263898e-11
"MA0762.1",160,3161,13.6986301369863,7.9025,1.73345525301946,5.44330297014929e-12,"ETV2",7.12404213286205e-11
"MA0131.2",135,2550,11.5582191780822,6.375,1.81305398871878,1.56046615126002e-11,"HINFP",2.00708232558616e-10
"MA0640.2",381,9678,32.6198630136986,24.195,1.34820677882615,2.4375704086182e-11,"ELF3",3.08208055055793e-10
"MA0687.1",250,5742,21.4041095890411,14.355,1.49105604939332,2.62514740943081e-11,"SPIC",3.26393327905897e-10
"MA0163.1",344,8648,29.4520547945205,21.62,1.36225970372435,1.19583981479832e-10,"PLAG1",1.46245328170417e-09
"MA0081.2",440,11733,37.6712328767123,29.3325,1.28428306065669,3.19788509476716e-10,"SPIB",3.84777787209081e-09
"MA1464.1",117,2204,10.0171232876712,5.51,1.81798970738135,3.46101704952727e-10,"ARNT2",4.0982836808688e-09
"MA0697.1",238,5581,20.3767123287671,13.9525,1.4604344976719,6.53694769060633e-10,"ZIC3",7.61962965186301e-09
"MA0761.2",367,9503,31.4212328767123,23.7575,1.32258162166526,8.40232139788203e-10,"ETV1",9.64327963510768e-09
"MA0810.1",244,5824,20.8904109589041,14.56,1.4347809724522,1.92486608972226e-09,"TFAP2A(var.2)",2.17568197414061e-08
"MA0814.2",330,8421,28.2534246575343,21.0525,1.34204605902075,1.98452858250633e-09,"TFAP2C(var.2)",2.20963928738765e-08
"MA0502.2",196,4444,16.7808219178082,11.11,1.51042501510425,2.38336779233997e-09,"NFYB",2.61469466630237e-08
"MA1644.1",175,3857,14.9828767123288,9.6425,1.5538373567362,2.7049433511651e-09,"NFYC",2.92447498546256e-08
"MA0095.2",228,5383,19.5205479452055,13.4575,1.4505330072603,3.04028504161061e-09,"YY1",3.24007520148788e-08
"MA1548.1",179,3978,15.3253424657534,9.945,1.54100980047797,3.18078131342001e-09,"PLAGL2",3.34206036593145e-08
"MA0616.2",113,2207,9.67465753424658,5.5175,1.75344948513758,5.3654527612122e-09,"HES2",5.55920522203375e-08
"MA0636.1",85,1520,7.27739726027397,3.8,1.91510454217736,1.052169705824e-08,"BHLHE41",1.07523095965028e-07
"MA0695.1",134,2821,11.472602739726,7.0525,1.62674267844396,1.85172570523879e-08,"ZBTB7C",1.86673969744342e-07
"MA0751.1",228,5502,19.5205479452055,13.755,1.41916015595823,1.94258747075457e-08,"ZIC4",1.93222700424388e-07
"MA0060.3",170,3837,14.5547945205479,9.5925,1.5173098275265,2.49474352632988e-08,"NFYA",2.44878772452907e-07
"MA0831.2",107,2128,9.16095890410959,5.32,1.72198475641158,3.55756091302262e-08,"TFE3",3.43151974168525e-07
"MA0603.1",115,2340,9.8458904109589,5.85,1.6830581899075,3.58791608379959e-08,"Arntl",3.43151974168525e-07
"MA1522.1",529,15066,45.291095890411,37.665,1.20247168167824,3.87601332896947e-08,"MAZ",3.66013410558383e-07
"MA0815.1",177,4104,15.1541095890411,10.26,1.47700873187535,7.89519573419742e-08,"TFAP2C(var.3)",7.3622700221391e-07
"MA0104.4",112,2308,9.58904109589041,5.77,1.6618788727713,1.04649690101177e-07,"MYCN",9.63810726117014e-07
"MA1107.2",618,18174,52.9109589041096,45.435,1.16454184888543,1.20103867909298e-07,"KLF9",1.09265226171142e-06
"MA1651.1",228,5645,19.5205479452055,14.1125,1.38320977468241,1.53892557889538e-07,"ZFP42",1.38317889380235e-06
"MA1569.1",174,4067,14.8972602739726,10.1675,1.46518419217827,1.76869367065327e-07,"TFAP2E",1.57076842655635e-06
"MA1627.1",604,17798,51.7123287671233,44.495,1.16220538863071,3.00408324886091e-07,"Wt1",2.63652482782381e-06
"MA0663.1",87,1696,7.4486301369863,4.24,1.75675239079866,3.13717239048546e-07,"MLX",2.7213146550025e-06
"MA0696.1",228,5737,19.5205479452055,14.3425,1.36102826879592,5.33617501278287e-07,"ZIC1",4.57561673509887e-06
"MA0147.3",137,3091,11.7294520547945,7.7275,1.51788444578383,6.70683695238844e-07,"MYC",5.68556859827475e-06
"MA1509.1",46,736,3.93835616438356,1.84,2.14041095890411,1.47923487224556e-06,"IRF6",1.23989799403954e-05
"MA0813.1",193,4782,16.5239726027397,11.955,1.38218089525217,1.83960792120763e-06,"TFAP2B(var.3)",1.52483056580099e-05
"MA0736.1",147,3450,12.5856164383562,8.625,1.45920190589637,2.30046714050334e-06,"GLIS2",1.885877458039e-05
"MA0812.1",198,4949,16.9520547945205,12.3725,1.37013980961977,2.33917510102903e-06,"TFAP2B(var.2)",1.89676589713876e-05
"MA0493.1",383,10728,32.791095890411,26.82,1.22263593923978,2.64994378515661e-06,"Klf1",2.12565383196434e-05
"MA0871.2",118,2652,10.1027397260274,6.63,1.52379181388045,3.56999751871228e-06,"TFEC",2.83321079676528e-05
"MA0524.2",189,4714,16.1815068493151,11.785,1.37305955446034,3.65598705561475e-06,"TFAP2C",2.87091194051432e-05
"MA0004.1",247,6497,21.1472602739726,16.2425,1.30197077260105,4.86852938584461e-06,"Arnt",3.78325304358341e-05
"MA0764.2",412,11744,35.2739726027397,29.36,1.20142958456198,5.40230663560607e-06,"ETV4",4.15476365996095e-05
"MA0694.1",106,2346,9.07534246575342,5.865,1.54737296943792,6.00073295521754e-06,"ZBTB7B",4.56790488223702e-05
"MA0620.3",97,2112,8.30479452054795,5.28,1.57287775010378,7.90674975182848e-06,"MITF",5.95801546955964e-05
"MA0872.1",170,4218,14.5547945205479,10.545,1.38025552589359,9.18783854641921e-06,"TFAP2A(var.3)",6.85412755562873e-05
"MA0464.2",79,1652,6.76369863013699,4.13,1.63769942618329,1.42617364756325e-05,"BHLHE40",0.000105339162483384
"MA0608.1",99,2200,8.47602739726027,5.5,1.54109589041096,1.450437827262e-05,"Creb3l2",0.000106081041091907
"MA0692.1",117,2720,10.0171232876712,6.8,1.473106365834,1.80327013957555e-05,"TFEB",0.000130605779041103
"MA0823.1",88,1934,7.53424657534247,4.835,1.55827230100154,2.95054466787205e-05,"HEY1",0.000211644838676207
"MA0664.1",78,1673,6.67808219178082,4.1825,1.59667237101753,3.79534134315331e-05,"MLXIPL",0.000269649965904035
"MA1475.1",84,1844,7.19178082191781,4.61,1.56003922384334,4.30842434256792e-05,"CREB3L4(var.2)",0.000303215524486384
"MA1508.1",379,10938,32.4486301369863,27.345,1.18663851296348,5.30465981825348e-05,"IKZF1",0.00036848458040928
"MA0864.2",42,749,3.5958904109589,1.8725,1.92036871079247,5.33462931423622e-05,"E2F2",0.00036848458040928
"MA1474.1",94,2140,8.04794520547945,5.35,1.5042888234541,5.86724046308834e-05,"CREB3L4",0.000401556090409532
"MA0649.1",85,1910,7.27739726027397,4.775,1.52406225346052,8.6014784575774e-05,"HEY2",0.000583336629941158
"MA0528.2",467,13938,39.9828767123288,34.845,1.14744946799623,0.000118789256774905,"ZNF263",0.00079556589345035
"MA0822.1",78,1734,6.67808219178082,4.335,1.54050338910746,0.000120049504305075,"HES7",0.00079556589345035
"MA1106.1",70,1514,5.99315068493151,3.785,1.58339516114439,0.000120507970455616,"HIF1A",0.00079556589345035
"MA0834.1",85,1942,7.27739726027397,4.855,1.49894897225005,0.00014885517502444,"ATF7",0.000974087373405545
"MA0638.1",73,1612,6.25,4.03,1.55086848635236,0.000161700519344646,"CREB3",0.00104894423853136
"MA1583.1",82,1878,7.02054794520548,4.695,1.49532437597561,0.000209604632049104,"ZFP57",0.00134797461645372
"MA0811.1",181,4815,15.4965753424658,12.0375,1.28735828390162,0.000213112611556226,"TFAP2B",0.001358820583085
"MA0003.4",272,7698,23.2876712328767,19.245,1.2100634571513,0.000286437698560989,"TFAP2A",0.00181086884005506
"MA0470.2",41,793,3.51027397260274,1.9825,1.77062999879079,0.000356471557497785,"E2F4",0.00223468724280124
"MA0753.2",453,13644,38.7842465753425,34.11,1.13703449356032,0.000391103060891136,"ZNF740",0.00243135736187323
"MA0637.1",46,934,3.93835616438356,2.335,1.68666216890088,0.000463630450812804,"CENPB",0.00285841583724258
"MA0526.3",147,3861,12.5856164383562,9.6525,1.30387116688487,0.000525450198682573,"USF2",0.00321299875587868
"MA0024.3",40,804,3.42465753424658,2.01,1.70380971853063,0.00087292809591337,"E2F1",0.00529434438659654
"MA0609.2",93,2302,7.96232876712329,5.755,1.38354974233246,0.00103197341624025,"CREM",0.00620848522996148
"MA0067.1",50,1082,4.28082191780822,2.705,1.58255893449472,0.00109080063778591,"Pax2",0.00650989820630628
"MA0735.1",82,1989,7.02054794520548,4.9725,1.41187490099658,0.00115217961191222,"GLIS1",0.00682163484513108
"MA1615.1",280,8138,23.972602739726,20.345,1.17830438632224,0.00120309515700659,"Plagl1",0.00706699989863716
"MA1535.1",125,3292,10.7020547945205,8.23,1.30037117794903,0.00153385167689575,"NR2C1",0.00893947930440804
"MA0469.3",23,396,1.96917808219178,0.99,1.98906876989069,0.00155505417027472,"E2F3",0.00899279388391427
"MA1140.2",80,1962,6.84931506849315,4.905,1.39639450937679,0.00177639180189417,"JUNB(var.2)",0.0101359335551664
"MA0059.1",109,2822,9.33219178082192,7.055,1.32277700649496,0.00177990254118874,"MAX::MYC",0.0101359335551664
"MA0080.5",457,14025,39.1267123287671,35.0625,1.11591336410031,0.00184719168349781,"SPI1",0.0104394317870406
"MA0839.1",78,1923,6.67808219178082,4.8075,1.3890966597568,0.00231077422270855,"CREB3L1",0.0129611847378991
"MA0074.1",93,2373,7.96232876712329,5.9325,1.34215402732799,0.0025247780572806,"RXRA::VDR",0.0140558539606816
"MA0107.1",146,4001,12.5,10.0025,1.24968757810547,0.00289883882721086,"RELA",0.0160187686303652
"MA1630.1",361,10927,30.9075342465753,27.3175,1.131418843107,0.00314671353785181,"Znf281",0.0172606492590989
"MA0781.1",65,1581,5.56506849315068,3.9525,1.40798696853907,0.00382670377727396,"PAX9",0.0208373796923093
"MA0877.2",20,353,1.71232876712329,0.8825,1.94031588342582,0.00400480519147631,"BARHL1",0.0216491642959516
"MA0828.1",67,1650,5.73630136986301,4.125,1.39061851390619,0.00444150623752225,"SREBF2(var.2)",0.0238371485841122
"MA1131.1",104,2758,8.9041095890411,6.895,1.29138645236274,0.00460488666610409,"FOSL2::JUN(var.2)",0.0245374675208118
"MA0057.1",259,7658,22.1746575342466,19.145,1.15824797776164,0.00475692916879653,"MZF1(var.2)",0.025167866382427
"MA0767.1",60,1467,5.13698630136986,3.6675,1.40067792811721,0.00592232094054158,"GCM2",0.0311130381805917
"MA1133.1",86,2240,7.36301369863014,5.6,1.31482387475538,0.00613030219206285,"JUN::JUNB(var.2)",0.0319804575893629
"MA1145.1",99,2638,8.47602739726027,6.595,1.28522022702961,0.00642238471847544,"FOSL2::JUND(var.2)",0.033271520833213
"MA0155.1",231,6819,19.777397260274,17.0475,1.16013475643197,0.00735240654110704,"INSM1",0.0378268639976955
"MA1533.1",94,2504,8.04794520547945,6.26,1.28561425007659,0.00774708740473632,"NR1I2",0.0394404060701952
"MA0504.1",283,8518,24.2294520547945,21.295,1.1378000495325,0.00777176902455588,"NR2C2",0.0394404060701952
"MA1652.1",398,12355,34.0753424657534,30.8875,1.10320817371925,0.00952403195487956,"ZKSCAN5",0.048006269177974
"MA1575.1",88,2352,7.53424657534247,5.88,1.28133445158885,0.0106120174066112,"THRB(var.2)",0.0531313086263888
"MA0058.3",89,2390,7.61986301369863,5.975,1.27529088095375,0.0114436861493055,"MAX",0.0569132657825461
"MA1129.1",65,1670,5.56506849315068,4.175,1.3329505372816,0.0121106627173946,"FOSL1::JUN(var.2)",0.0598314860077904
"MA0734.2",198,5840,16.9520547945205,14.6,1.16109964346031,0.0127913877798977,"GLI2",0.0627787847618665
"MA0093.3",137,3896,11.7294520547945,9.74,1.20425585778178,0.0129088851923722,"USF1",0.0629413617876449
"MA1545.1",23,479,1.96917808219178,1.1975,1.64440758429376,0.0146159200274324,"OVOL2",0.0708017944186009
"MA1139.1",74,1965,6.33561643835616,4.9125,1.28969291366029,0.015847994823677,"FOSL2::JUNB(var.2)",0.0762748654094388
"MA0014.3",76,2027,6.50684931506849,5.0675,1.28403538531199,0.0160524715553124,"PAX5",0.0767637421811732
"MA1466.1",60,1547,5.13698630136986,3.8675,1.32824468038005,0.0165165980077438,"ATF6",0.078480140852082
"MA0779.1",58,1495,4.96575342465753,3.7375,1.32862967883814,0.0180954455296126,"PAX1",0.0852023002466192
"MA1491.1",193,5734,16.5239726027397,14.335,1.152701262835,0.0181597395967995,"GLI3",0.0852023002466192
"MA1550.1",149,4352,12.7568493150685,10.88,1.17250453263497,0.0222839058776131,"PPARD",0.103898711154371
"MA1127.1",89,2464,7.61986301369863,6.16,1.23699074897705,0.0229757267841417,"FOSB::JUN",0.105986338155304
"MA0604.1",43,1070,3.68150684931507,2.675,1.37626424273461,0.0230157999747444,"Atf1",0.105986338155304
"MA1546.1",40,987,3.42465753424658,2.4675,1.38790578895505,0.0245615158374161,"PAX3(var.2)",0.112356813567462
"MA1560.1",64,1704,5.47945205479452,4.26,1.28625635089073,0.0247864102404912,"SOHLH2",0.112356813567462
"MA1556.1",90,2504,7.7054794520548,6.26,1.23090726071163,0.024851037853393,"RXRG(var.2)",0.112356813567462
"MA1136.1",71,1920,6.07876712328767,4.8,1.2664098173516,0.0254285652658893,"FOSB::JUNB(var.2)",0.114275359568394
"MA0840.1",81,2239,6.93493150684932,5.5975,1.23893372163454,0.028190679484574,"Creb5",0.125929622128696
"MA1555.1",70,1907,5.99315068493151,4.7675,1.25708456946649,0.0301962978357445,"RXRB(var.2)",0.134085941580151
"MA1552.1",69,1877,5.90753424657534,4.6925,1.25893111274914,0.0304058664064648,"RARB(var.3)",0.134217611474691
"MA0259.1",50,1301,4.28082191780822,3.2525,1.31616354121698,0.0307949807813053,"ARNT::HIF1A",0.135135621546198
"MA1419.1",83,2330,7.10616438356164,5.825,1.21994238344406,0.0362040164244164,"IRF4",0.157942668143945
"MA1574.1",154,4593,13.1849315068493,11.4825,1.1482631401567,0.037373428880047,"THRB",0.162096383398343
"MA1581.1",230,7082,19.6917808219178,17.705,1.1122158046833,0.0399957115622876,"ZBTB6",0.172467056794604
"MA1143.1",59,1612,5.0513698630137,4.03,1.25344165335328,0.0457206275110522,"FOSL1::JUND(var.2)",0.196020621397959
"MA0105.4",81,2305,6.93493150684932,5.7625,1.20345882982201,0.0492424405549436,"NFKB1",0.20991348945136
"MA0006.1",295,9292,25.2568493150685,23.23,1.08725136956817,0.0525808212077176,"Ahr::Arnt",0.222870980800894
"MA0622.1",110,3240,9.41780821917808,8.1,1.16269237273803,0.0548477338529115,"Mlxip",0.231166155108881
"MA0615.1",22,522,1.88356164383562,1.305,1.44334225581273,0.0567063949775727,"Gmeb1",0.237657138501513
"MA0652.1",95,2768,8.13356164383562,6.92,1.17537017974503,0.0573300553790622,"IRF8",0.238928610685924
"MA0656.1",87,2517,7.4486301369863,6.2925,1.18373144807093,0.058552942487408,"JDP2(var.2)",0.242669417197813
"MA1418.1",199,6159,17.0376712328767,15.3975,1.10652191803064,0.0637894767843049,"IRF3",0.262911324204925
"MA0626.1",85,2467,7.27739726027397,6.1675,1.1799590207173,0.0645615952710784,"Npas2",0.263559333664938
"MA0865.1",101,2977,8.6472602739726,7.4425,1.16187575061775,0.0646532949875115,"E2F8",0.263559333664938
"MA0838.1",28,706,2.3972602739726,1.765,1.35822111839808,0.0651806443404672,"CEBPG",0.26426500368472
"MA0825.1",77,2223,6.59246575342466,5.5575,1.18622865558698,0.0692108093889557,"MNT",0.279087912454924
"MA0517.1",300,9534,25.6849315068493,23.835,1.07761407622611,0.0714858457543015,"STAT1::STAT2",0.286712048025317
"MA1493.1",72,2071,6.16438356164384,5.1775,1.19061005536337,0.0724354936103647,"HES6",0.288967263279851
"MA0164.1",128,3867,10.958904109589,9.6675,1.13358201288741,0.0732440910141721,"Nr2e3",0.290638786683896
"MA1537.1",153,4682,13.0993150684931,11.705,1.11912132152868,0.0740096085834106,"NR2F1(var.2)",0.29156382735451
"MA0737.1",95,2806,8.13356164383562,7.015,1.15945283589959,0.0742588836425696,"GLIS3",0.29156382735451
"MA0749.1",16,370,1.36986301369863,0.925,1.4809329877823,0.0784870921185175,"ZBED1",0.306551679164472
"MA0909.2",81,2373,6.93493150684932,5.9325,1.16897286251147,0.081722017737462,"HOXD13",0.317524089750764
"MA1587.1",229,7206,19.6061643835616,18.015,1.08832441762762,0.0821905702581711,"ZNF135",0.317689976231066
"MA1544.1",20,489,1.71232876712329,1.2225,1.40067792811721,0.0840325902118927,"OVOL1",0.323135630402433
"MA1147.1",68,1974,5.82191780821918,4.935,1.17971992061179,0.0905282689169652,"NR4A2::RXRA",0.345928668940137
"MA0646.1",70,2038,5.99315068493151,5.095,1.17628080175299,0.0908874250834676,"GCM1",0.345928668940137
"MA0711.1",17,409,1.45547945205479,1.0225,1.42345178685065,0.0939091420387794,"OTX1",0.355615329750911
"MA0758.1",68,1982,5.82191780821918,4.955,1.17495818531164,0.0960125833183423,"E2F7",0.361744379573148
"MA0795.1",50,1417,4.28082191780822,3.5425,1.20841832542222,0.0983767203489486,"SMAD3",0.368789112463898
"MA0605.2",79,2345,6.76369863013699,5.8625,1.1537225808336,0.104201599256532,"ATF3",0.388671965226864
"MA0860.1",129,4009,11.0445205479452,10.0225,1.1019726164076,0.129665680551272,"Rarg(var.2)",0.481246754682831
"MA1514.1",335,10888,28.6815068493151,27.22,1.05369238976176,0.134665617910944,"KLF17",0.497329460205762
"MA0466.2",28,767,2.3972602739726,1.9175,1.25020092514868,0.135616564829135,"CEBPB",0.498374174199679
"MA0611.1",63,1878,5.39383561643836,4.695,1.14884677666419,0.141547819531826,"Dux",0.517620947895793
"MA0821.1",58,1720,4.96575342465753,4.3,1.15482637782733,0.143848950471732,"HES5",0.52346983927762
"MA1539.1",73,2205,6.25,5.5125,1.13378684807256,0.14586218500284,"NR2F6(var.3)",0.528219368990869
"MA1126.1",76,2312,6.50684931506849,5.78,1.12575247665545,0.154665563196297,"FOS::JUN(var.2)",0.557393768813709
"MA0101.1",113,3526,9.67465753424658,8.815,1.09752212526904,0.158737904866212,"REL",0.569319601106704
"MA1420.1",70,2123,5.99315068493151,5.3075,1.12918524445247,0.159789941552621,"IRF5",0.570350700470121
"MA0863.1",90,2775,7.7054794520548,6.9375,1.11069974083673,0.160938147482556,"MTF1",0.571713609628507
"MA1146.1",66,2009,5.65068493150685,5.0225,1.1250741526146,0.175499993987655,"NR1H4::RXRA",0.620488130401851
"MA0116.1",138,4376,11.8150684931507,10.94,1.07998797926423,0.177051114942303,"Znf423",0.623019489372445
"MA1529.1",178,5713,15.2397260273973,14.2825,1.06702090162067,0.181868703822091,"NHLH2",0.636967385217276
"MA0772.1",150,4788,12.8424657534247,11.97,1.0728876986988,0.187012704266781,"IRF7",0.651400272706115
"MA0653.1",120,3794,10.2739726027397,9.485,1.08318108621399,0.187736003527902,"IRF9",0.651400272706115
"MA0882.1",48,1439,4.10958904109589,3.5975,1.14234580711491,0.189436147988029,"DLX6",0.654256325921617
"MA0855.1",134,4270,11.472602739726,10.675,1.07471688428347,0.197311872359102,"RXRB",0.678316390690738
"MA0149.1",524,17468,44.8630136986301,43.67,1.02731883898855,0.210467867386686,"EWSR1-FLI1",0.717914625034464
"MA0837.1",25,718,2.14041095890411,1.795,1.19242950356775,0.210755097697785,"CEBPE",0.717914625034464
"MA1553.1",55,1685,4.70890410958904,4.2125,1.11784073818137,0.214281823302429,"RARG(var.3)",0.726610182652783
"MA1578.1",193,6284,16.5239726027397,15.71,1.05181238718903,0.229921495788312,"VEZF1",0.776115094380456
"MA0778.1",71,2232,6.07876712328767,5.58,1.08938478911965,0.242422504471706,"NFKB2",0.810932911308918
"MA0518.1",204,6672,17.4657534246575,16.68,1.04710751946388,0.243340645059821,"Stat4",0.810932911308918
"MA0088.2",154,4994,13.1849315068493,12.485,1.05606179470159,0.24349728167989,"ZNF143",0.810932911308918
"MA0512.2",131,4228,11.2157534246575,10.57,1.06109303922966,0.246152066578071,"Rxra",0.815634320295194
"MA0844.1",42,1285,3.5958904109589,3.2125,1.11934331858643,0.247095651992914,"XBP1",0.815634320295194
"MA1523.1",138,4476,11.8150684931507,11.19,1.05585956149693,0.258683909522434,"MSANTD3",0.850124213672844
"MA1521.1",100,3215,8.56164383561644,8.0375,1.06521229681075,0.266629720455008,"MAFA",0.872393734471211
"MA1528.1",164,5361,14.041095890411,13.4025,1.04764752026942,0.26997034418202,"NFIX(var.2)",0.879466710741428
"MA1494.1",104,3353,8.9041095890411,8.3825,1.06222601718355,0.271517023613623,"HNF4A(var.2)",0.880659563546793
"MA0138.2",217,7152,18.5787671232877,17.88,1.03908093530692,0.274649650485257,"REST",0.886963806329011
"MA1557.1",36,1110,3.08219178082192,2.775,1.11069974083673,0.282070805642614,"SMAD5",0.907003538833578
"MA1527.1",161,5288,13.7842465753425,13.22,1.04268128406524,0.294188253911903,"NFIC(var.2)",0.941907456730813
"MA0065.2",271,9009,23.2020547945205,22.5225,1.03017226304898,0.296978928907722,"Pparg::Rxra",0.946778978483594
"MA0494.1",121,3961,10.3595890410959,9.9025,1.04615895391021,0.311835388972494,"Nr1h3::Rxra",0.986171892983569
"MA0666.1",48,1524,4.10958904109589,3.81,1.07863229425089,0.314623204463927,"MSX1",0.986171892983569
"MA0708.1",48,1524,4.10958904109589,3.81,1.07863229425089,0.314623204463927,"MSX2",0.986171892983569
"MA0876.1",48,1524,4.10958904109589,3.81,1.07863229425089,0.314623204463927,"BSX",0.986171892983569
"MA0884.1",61,1958,5.22260273972603,4.895,1.06692599381533,0.318049920483446,"DUXA",0.99274159280607
"MA0145.3",37,1167,3.16780821917808,2.9175,1.08579544787595,0.326768377743691,"TFCP2",0.999999999974052
"MA1538.1",71,2301,6.07876712328767,5.7525,1.05671744863758,0.33114859194182,"NR2F1(var.3)",0.999999999974052
"MA0073.1",516,17408,44.1780821917808,43.52,1.01512137389202,0.333078044342504,"RREB1",0.999999999974052
"MA0036.3",80,2607,6.84931506849315,6.5175,1.05091140291418,0.337327665706032,"GATA2",0.999999999974052
"MA1603.1",84,2753,7.19178082191781,6.8825,1.04493727888381,0.352417688947125,"Dmrt1",0.999999999974052
"MA1148.1",133,4412,11.3869863013699,11.03,1.03236503185584,0.360163516095413,"PPARA::RXRA",0.999999999974052
"MA0069.1",51,1657,4.36643835616438,4.1425,1.05405874620746,0.368994888817357,"PAX6",0.999999999974052
"MA1602.1",58,1893,4.96575342465753,4.7325,1.04928756992235,0.371086681442894,"ZSCAN29",0.999999999974052
"MA0829.2",76,2511,6.50684931506849,6.2775,1.03653513581338,0.388854155499328,"SREBF1(var.2)",0.999999999974052
"MA0511.2",52,1704,4.45205479452055,4.26,1.04508328509872,0.391277807126223,"RUNX2",0.999999999974052
"MA0112.3",79,2615,6.76369863013699,6.5375,1.0346001728699,0.392583571939772,"ESR1",0.999999999974052
"MA0160.1",115,3835,9.8458904109589,9.5875,1.02695075994356,0.395153890917086,"NR4A2",0.999999999974052
"MA0635.1",28,902,2.3972602739726,2.255,1.06308659599672,0.397187898108967,"BARHL2",0.999999999974052
"MA1117.1",90,3004,7.7054794520548,7.51,1.02602922131222,0.414760745718736,"RELB",0.999999999974052
"MA0856.1",125,4213,10.7020547945205,10.5325,1.01609824775889,0.43843546085196,"RXRG",0.999999999974052
"MA1125.1",303,10288,25.9417808219178,25.72,1.00862289354268,0.441530547466249,"ZNF384",0.999999999974052
"MA0782.2",178,6027,15.2397260273973,15.0675,1.01143029881515,0.446530573646431,"PKNOX1",0.999999999974052
"MA0647.1",45,1500,3.8527397260274,3.75,1.02739726027397,0.447557168811865,"GRHL1",0.999999999974052
"MA0862.1",15,486,1.28424657534247,1.215,1.05699306612549,0.450219593990885,"GMEB2",0.999999999974052
"MA1534.1",76,2558,6.50684931506849,6.395,1.01749011963542,0.454489767627405,"NR1I3",0.999999999974052
"MA1541.1",128,4331,10.958904109589,10.8275,1.0121361449632,0.45599632555435,"NR6A1",0.999999999974052
"MA0738.1",146,4947,12.5,12.3675,1.01071356377603,0.458167009912269,"HIC2",0.999999999974052
"MA1116.1",266,9048,22.7739726027397,22.62,1.00680692319804,0.460884397994505,"RBPJ",0.999999999974052
"MA0730.1",122,4137,10.4452054794521,10.3425,1.00993043069394,0.467996417638518,"RARA(var.2)",0.999999999974052
"MA1597.1",191,6499,16.3527397260274,16.2475,1.0064772873382,0.473210886564551,"ZNF528",0.999999999974052
"MA1656.1",193,6569,16.5239726027397,16.4225,1.00617887670816,0.474745847287369,"ZNF449",0.999999999974052
"MA0595.1",107,3632,9.16095890410959,9.08,1.0089161788667,0.476353860257899,"SREBF1",0.999999999974052
"MA1114.1",209,7122,17.8938356164384,17.805,1.00498936346186,0.480235170826413,"PBX3",0.999999999974052
"MA0042.2",94,3196,8.04794520547945,7.99,1.00725221595488,0.486512301580258,"FOXI1",0.999999999974052
"MA0033.2",94,3196,8.04794520547945,7.99,1.00725221595488,0.486512301580258,"FOXL1",0.999999999974052
"MA0848.1",94,3196,8.04794520547945,7.99,1.00725221595488,0.486512301580258,"FOXO4",0.999999999974052
"MA0849.1",94,3196,8.04794520547945,7.99,1.00725221595488,0.486512301580258,"FOXO6",0.999999999974052
"MA0850.1",94,3196,8.04794520547945,7.99,1.00725221595488,0.486512301580258,"FOXP3",0.999999999974052
"MA0858.1",105,3574,8.98972602739726,8.935,1.00612490513679,0.488862660878437,"Rarb(var.2)",0.999999999974052
"MA0050.2",396,13551,33.9041095890411,33.8775,1.00078546495583,0.50346854421135,"IRF1",0.999999999974052
"MA0111.1",107,3661,9.16095890410959,9.1525,1.00092421787595,0.511213074231669,"Spz1",0.999999999974052
"MA1495.1",20,682,1.71232876712329,1.705,1.00429839713976,0.524023327753232,"HOXA1",0.999999999974052
"MA0836.2",63,2168,5.39383561643836,5.42,0.995172622959106,0.534837254259258,"CEBPD",0.999999999974052
"MA1532.1",96,3307,8.21917808219178,8.2675,0.994155195910708,0.540141739686605,"NR1D2",0.999999999974052
"MA0048.2",165,5679,14.1267123287671,14.1975,0.995014074926369,0.541187578954176,"NHLH1",0.999999999974052
"MA0468.1",68,2347,5.82191780821918,5.8675,0.992231411711833,0.545050855823385,"DUX4",0.999999999974052
"MA0102.4",63,2175,5.39383561643836,5.4375,0.991969768540387,0.54545414733696,"CEBPA",0.999999999974052
"MA1103.2",92,3176,7.87671232876712,7.94,0.992029260550016,0.548480966730137,"FOXK2",0.999999999974052
"MA1624.1",163,5621,13.9554794520548,14.0525,0.993095851418238,0.55174647706064,"Stat5a",0.999999999974052
"MA0144.2",223,7702,19.0924657534247,19.255,0.991558855020756,0.568902096197623,"STAT3",0.999999999974052
"MA1154.1",112,3885,9.58904109589041,9.7125,0.987288658521535,0.572402316558059,"ZNF282",0.999999999974052
"MA0819.1",35,1223,2.99657534246575,3.0575,0.980073701542356,0.573169186624887,"CLOCK",0.999999999974052
"MA0676.1",107,3715,9.16095890410959,9.2875,0.986375117535353,0.575256422721154,"Nr2e1",0.999999999974052
"MA0861.1",52,1818,4.45205479452055,4.545,0.9795500097955,0.581843408327522,"TP73",0.999999999974052
"MA1149.1",130,4528,11.1301369863014,11.32,0.983227648966552,0.596392496543978,"RARA::RXRG",0.999999999974052
"MA1153.1",110,3841,9.41780821917808,9.6025,0.980766281611881,0.600985613444128,"Smad4",0.999999999974052
"MA0159.1",130,4538,11.1301369863014,11.345,0.981060994826035,0.606918802602098,"RARA::RXRA",0.999999999974052
"MA0137.3",158,5507,13.527397260274,13.7675,0.982560178701578,0.608627997602565,"STAT1",0.999999999974052
"MA0525.2",38,1350,3.25342465753425,3.375,0.963977676306443,0.615552209329225,"TP63",0.999999999974052
"MA0139.1",363,12576,31.0787671232877,31.44,0.988510404684722,0.61731989693323,"CTCF",0.999999999974052
"MA0881.1",39,1389,3.33904109589041,3.4725,0.961566910263617,0.622727347960303,"Dlx4",0.999999999974052
"MA1104.2",81,2868,6.93493150684932,7.17,0.967214993981773,0.640640208458122,"GATA6",0.999999999974052
"MA0056.2",124,4363,10.6164383561644,10.9075,0.973315457819334,0.641079190453204,"MZF1",0.999999999974052
"MA0911.1",27,980,2.31164383561644,2.45,0.943528096169975,0.648826129130977,"Hoxa11",0.999999999974052
"MA0492.1",100,3538,8.56164383561644,8.845,0.967964255015991,0.650612848736816,"JUND(var.2)",0.999999999974052
"MA0125.1",45,1617,3.8527397260274,4.0425,0.953058682999975,0.65220000495308,"Nobox",0.999999999974052
"MA0108.2",65,2326,5.56506849315068,5.815,0.957019517308802,0.662558274237729,"TBP",0.999999999974052
"MA0482.2",80,2851,6.84931506849315,7.1275,0.960970195509386,0.662763004965753,"GATA4",0.999999999974052
"MA0777.1",15,558,1.28424657534247,1.395,0.920606864044778,0.663757379727934,"MYBL2",0.999999999974052
"MA0497.1",204,7161,17.4657534246575,17.9025,0.975604157221479,0.665493494402461,"MEF2C",0.999999999974052
"MA0684.2",105,3736,8.98972602739726,9.34,0.962497433340178,0.67663308398092,"RUNX3",0.999999999974052
"MA0037.3",68,2448,5.82191780821918,6.12,0.951293759512937,0.684478933820099,"GATA3",0.999999999974052
"MA1573.1",163,5773,13.9554794520548,14.4325,0.966948169205252,0.693601391865655,"THAP11",0.999999999974052
"MA0594.2",10,387,0.856164383561644,0.9675,0.884924427453896,0.69582235794214,"HOXA9",0.999999999974052
"MA1561.1",35,1290,2.99657534246575,3.225,0.92917064882659,0.696592219498827,"SOX12",0.999999999974052
"MA0051.1",116,4147,9.93150684931507,10.3675,0.957946163425616,0.704096214805665,"IRF2",0.999999999974052
"MA0677.1",130,4636,11.1301369863014,11.59,0.960322431950075,0.704284032826357,"Nr2f6",0.999999999974052
"MA0258.2",157,5578,13.4417808219178,13.945,0.963914006591453,0.705359517672051,"ESR2",0.999999999974052
"MA0007.3",68,2469,5.82191780821918,6.1725,0.943202561072366,0.710683481272553,"Ar",0.999999999974052
"MA1470.1",39,1450,3.33904109589041,3.625,0.921114785073217,0.724228404661798,"BACH2(var.2)",0.999999999974052
"MA0158.2",29,1094,2.48287671232877,2.735,0.907815982569933,0.729287695452081,"HOXA5",0.999999999974052
"MA1635.1",189,6722,16.1815068493151,16.805,0.962898354615595,0.730045591819009,"BHLHE22(var.2)",0.999999999974052
"MA0521.1",273,9638,23.3732876712329,24.095,0.970047216071089,0.731241772809465,"Tcf12",0.999999999974052
"MA0500.2",165,5891,14.1267123287671,14.7275,0.959206404940901,0.733787782045351,"MYOG",0.999999999974052
"MA0680.1",26,992,2.22602739726027,2.48,0.897591692443659,0.740797123574653,"PAX7",0.999999999974052
"MA0018.4",117,4225,10.0171232876712,10.5625,0.948366701791359,0.744429067900366,"CREB1",0.999999999974052
"MA1623.1",333,11738,28.5102739726027,29.345,0.971554744338141,0.747328082556854,"Stat2",0.999999999974052
"MA1531.1",96,3494,8.21917808219178,8.735,0.940947691149603,0.751444067717785,"NR1D1",0.999999999974052
"MA0776.1",13,520,1.11301369863014,1.3,0.856164383561644,0.75278130204692,"MYBL1",0.999999999974052
"MA0888.1",33,1254,2.82534246575342,3.135,0.901225666906993,0.754528777203243,"EVX2",0.999999999974052
"MA1683.1",95,3462,8.13356164383562,8.655,0.939752934007581,0.754581653610485,"FOXA3",0.999999999974052
"MA0519.1",172,6170,14.7260273972603,15.425,0.954685730778624,0.760510528196064,"Stat5a::Stat5b",0.999999999974052
"MA0117.2",89,3257,7.61986301369863,8.1425,0.935813695265414,0.761214657577165,"Mafb",0.999999999974052
"MA0880.1",47,1765,4.02397260273973,4.4125,0.911948465210136,0.763869696520885,"Dlx3",0.999999999974052
"MA0650.2",77,2836,6.59246575342466,7.09,0.929825917267229,0.765154358837026,"HOXA13",0.999999999974052
"MA1585.1",65,2420,5.56506849315068,6.05,0.919846031925733,0.776611945546471,"ZKSCAN1",0.999999999974052
"MA0488.1",104,3804,8.9041095890411,9.51,0.936289126082134,0.776894720829896,"JUN",0.999999999974052
"MA0498.2",108,3947,9.24657534246575,9.8675,0.937073761587611,0.778439116166106,"MEIS1",0.999999999974052
"MA1632.1",108,3950,9.24657534246575,9.875,0.936362059996532,0.780996809013656,"ATF2",0.999999999974052
"MA0031.1",65,2426,5.56506849315068,6.065,0.91757106234966,0.782981921305737,"FOXD1",0.999999999974052
"MA0157.2",65,2426,5.56506849315068,6.065,0.91757106234966,0.782981921305737,"FOXO3",0.999999999974052
"MA0830.2",217,7773,18.5787671232877,19.4325,0.956066750201347,0.783236590010397,"TCF4",0.999999999974052
"MA1518.1",33,1277,2.82534246575342,3.1925,0.884993724589953,0.788294069720189,"LHX1",0.999999999974052
"MA0017.2",129,4703,11.0445205479452,11.7575,0.939359604332996,0.791081115514019,"NR2F1",0.999999999974052
"MA0119.1",131,4779,11.2157534246575,11.9475,0.938753163813144,0.795294944819117,"NFIC::TLX1",0.999999999974052
"MA1554.1",50,1904,4.28082191780822,4.76,0.899332335673996,0.800969921728883,"RFX7",0.999999999974052
"MA1625.1",178,6439,15.2397260273973,16.0975,0.946713839254372,0.80167823465593,"Stat5b",0.999999999974052
"MA0900.2",24,959,2.05479452054794,2.3975,0.857057151427714,0.807268124360801,"HOXA2",0.999999999974052
"MA0904.2",24,959,2.05479452054794,2.3975,0.857057151427714,0.807268124360801,"HOXB5",0.999999999974052
"MA0612.2",18,737,1.54109589041096,1.8425,0.836415680005948,0.81099162224891,"EMX1",0.999999999974052
"MA0052.4",194,7015,16.6095890410959,17.5375,0.947089895429559,0.811574674388941,"MEF2A",0.999999999974052
"MA0109.1",44,1705,3.76712328767123,4.2625,0.883782589482987,0.82159003651123,"HLTF",0.999999999974052
"MA1489.1",22,895,1.88356164383562,2.2375,0.841815259814801,0.823125600113632,"FOXN3",0.999999999974052
"MA0631.1",35,1382,2.99657534246575,3.455,0.867315583926412,0.829034912016697,"Six3",0.999999999974052
"MA0757.1",76,2873,6.50684931506849,7.1825,0.905930987131012,0.832580306731918,"ONECUT3",0.999999999974052
"MA1600.1",164,5999,14.041095890411,14.9975,0.936229097543655,0.834047744603963,"ZNF684",0.999999999974052
"MA0859.1",95,3565,8.13356164383562,8.9125,0.912601586966128,0.841504768932,"Rarg",0.999999999974052
"MA0780.1",22,908,1.88356164383562,2.27,0.829762838694104,0.841573305931431,"PAX3",0.999999999974052
"MA0486.2",98,3684,8.39041095890411,9.21,0.911010961878839,0.849827338116971,"HSF1",0.999999999974052
"MA1542.1",68,2621,5.82191780821918,6.5525,0.888503290075418,0.861605508456868,"OSR1",0.999999999974052
"MA1643.1",188,6905,16.0958904109589,17.2625,0.932419430033825,0.866944618025649,"NFIB",0.999999999974052
"MA0700.2",51,2009,4.36643835616438,5.0225,0.86937548156583,0.867630258935416,"LHX2",0.999999999974052
"MA0124.2",67,2599,5.73630136986301,6.4975,0.882847459771145,0.872184676889933,"Nkx3-1",0.999999999974052
"MA1565.1",156,5790,13.3561643835616,14.475,0.92270565689545,0.874593055246177,"TBX18",0.999999999974052
"MA0842.2",71,2751,6.07876712328767,6.8775,0.883862904149425,0.876856098793359,"NRL",0.999999999974052
"MA1506.1",26,1093,2.22602739726027,2.7325,0.814648635776861,0.881163593107356,"HOXD10",0.999999999974052
"MA1589.1",110,4165,9.41780821917808,10.4125,0.904471377592133,0.881681759836494,"ZNF140",0.999999999974052
"MA0766.2",56,2211,4.7945205479452,5.5275,0.867394038524687,0.882114814201977,"GATA5",0.999999999974052
"MA0672.1",74,2872,6.33561643835616,7.18,0.882397832640134,0.884805579803839,"NKX2-3",0.999999999974052
"MA1566.1",115,4352,9.8458904109589,10.88,0.904953162771958,0.885942703173906,"TBX3",0.999999999974052
"MA0852.2",93,3562,7.96232876712329,8.905,0.89414135509526,0.886229969103652,"FOXK1",0.999999999974052
"MA0907.1",41,1674,3.51027397260274,4.185,0.838775142796354,0.895502875388934,"HOXC13",0.999999999974052
"MA0771.1",97,3725,8.30479452054795,9.3125,0.89179001562931,0.896535095938732,"HSF4",0.999999999974052
"MA0724.1",23,994,1.96917808219178,2.485,0.792425787602326,0.896828528486289,"VENTX",0.999999999974052
"MA0651.1",20,883,1.71232876712329,2.2075,0.775686870724026,0.901947084055356,"HOXC11",0.999999999974052
"MA0744.2",99,3809,8.47602739726027,9.5225,0.890105266186429,0.90258702291874,"SCRT2",0.999999999974052
"MA1604.1",177,6598,15.1541095890411,16.495,0.918709280936108,0.903066839931453,"Ebf2",0.999999999974052
"MA1547.1",64,2539,5.47945205479452,6.3475,0.863245695910913,0.904644040534987,"PITX2",0.999999999974052
"MA1657.1",80,3128,6.84931506849315,7.82,0.875871492134674,0.906728838794809,"ZNF652",0.999999999974052
"MA1628.1",317,11529,27.1404109589041,28.8225,0.941639724482752,0.907305038361359,"Zic1::Zic2",0.999999999974052
"MA0030.1",73,2875,6.25,7.1875,0.869565217391304,0.908085231008131,"FOXF2",0.999999999974052
"MA1520.1",76,2986,6.50684931506849,7.465,0.871647597463964,0.908802095944816,"MAF",0.999999999974052
"MA0875.1",36,1505,3.08219178082192,3.7625,0.819187184271606,0.909457615108686,"BARX1",0.999999999974052
"MA1580.1",54,2180,4.62328767123288,5.45,0.848309664446399,0.910588127578067,"ZBTB32",0.999999999974052
"MA0891.1",40,1662,3.42465753424658,4.155,0.82422564001121,0.913654875215949,"GSC2",0.999999999974052
"MA0912.2",31,1321,2.6541095890411,3.3025,0.803666794562028,0.913770117832958,"HOXD3",0.999999999974052
"MA1637.1",181,6773,15.4965753424658,16.9325,0.91519712638215,0.915470454913575,"EBF3",0.999999999974052
"MA0480.1",150,5670,12.8424657534247,14.175,0.905994056678988,0.915687961883981,"Foxo1",0.999999999974052
"MA0038.2",88,3439,7.53424657534247,8.5975,0.876329930252104,0.916471974406683,"GFI1",0.999999999974052
"MA0520.1",136,5172,11.6438356164384,12.93,0.90052866329763,0.916768139983002,"Stat6",0.999999999974052
"MA0648.1",40,1668,3.42465753424658,4.17,0.821260799579514,0.917557125673805,"GSC",0.999999999974052
"MA1588.1",87,3406,7.4486301369863,8.515,0.874765723662513,0.918052407360676,"ZNF136",0.999999999974052
"MA0728.1",106,4097,9.07534246575342,10.2425,0.88604759245823,0.91868942888379,"Nr2f6(var.2)",0.999999999974052
"MA1472.1",146,5536,12.5,13.84,0.903179190751445,0.919046962711358,"BHLHA15(var.2)",0.999999999974052
"MA0720.1",33,1407,2.82534246575342,3.5175,0.803224581593013,0.92054414978102,"Shox2",0.999999999974052
"MA0715.1",58,2346,4.96575342465753,5.865,0.846675775730185,0.920571533164297,"PROP1",0.999999999974052
"MA0481.3",98,3814,8.39041095890411,9.535,0.879959198626545,0.921587555862923,"FOXP1",0.999999999974052
"MA1485.1",131,5007,11.2157534246575,12.5175,0.896005865760538,0.922272268203927,"FERD3L",0.999999999974052
"MA0485.2",23,1024,1.96917808219178,2.56,0.769210188356164,0.922597005411531,"HOXC9",0.999999999974052
"MA0895.1",33,1411,2.82534246575342,3.5275,0.80094754521713,0.923191905720102,"HMBOX1",0.999999999974052
"MA1592.1",100,3895,8.56164383561644,9.7375,0.879244553079994,0.92506826034849,"ZNF274",0.999999999974052
"MA0794.1",34,1453,2.91095890410959,3.6325,0.801365149101057,0.925616218659156,"PROX1",0.999999999974052
"MA1473.1",57,2322,4.88013698630137,5.805,0.840678206081201,0.927337388187393,"CDX4",0.999999999974052
"MA0899.1",82,3248,7.02054794520548,8.12,0.864599500641069,0.928925771912303,"HOXA10",0.999999999974052
"MA0719.1",45,1876,3.8527397260274,4.69,0.821479685720128,0.928996805518157,"RHOXF1",0.999999999974052
"MA0659.2",111,4305,9.50342465753425,10.7625,0.883012744021765,0.929416133540526,"MAFG",0.999999999974052
"MA0770.1",100,3909,8.56164383561644,9.7725,0.876095557494647,0.930577741574714,"HSF2",0.999999999974052
"MA0709.1",38,1618,3.25342465753425,4.045,0.804307702727873,0.93291058988696,"Msx3",0.999999999974052
"MA0027.2",41,1734,3.51027397260274,4.335,0.809751781453919,0.933941172953994,"EN1",0.999999999974052
"MA0066.1",92,3627,7.87671232876712,9.0675,0.86867519479097,0.934197610255504,"PPARG",0.999999999974052
"MA0035.4",49,2040,4.19520547945205,5.1,0.822589309696481,0.935798765923129,"GATA1",0.999999999974052
"MA0592.3",121,4689,10.3595890410959,11.7225,0.883735469489946,0.937142552203581,"ESRRA",0.999999999974052
"MA1536.1",83,3319,7.10616438356164,8.2975,0.856422342098421,0.942210746057093,"NR2C2(var.2)",0.999999999974052
"MA0514.1",247,9209,21.1472602739726,23.0225,0.918547519772944,0.944059498748178,"Sox3",0.999999999974052
"MA1480.1",36,1563,3.08219178082192,3.9075,0.788788683511687,0.944078963687148,"DPRX",0.999999999974052
"MA0115.1",103,4064,8.81849315068493,10.16,0.867961924280013,0.946263649406844,"NR1H2::RXRA",0.999999999974052
"MA0902.2",27,1218,2.31164383561644,3.045,0.759160537148256,0.946333955946427,"HOXB2",0.999999999974052
"MA0113.3",52,2180,4.45205479452055,5.45,0.816890787985422,0.947563415883117,"NR3C1",0.999999999974052
"MA0873.1",20,943,1.71232876712329,2.3575,0.726332456892169,0.947882101079843,"HOXD12",0.999999999974052
"MA0442.2",177,6740,15.1541095890411,16.85,0.89935368480956,0.94794144290018,"SOX10",0.999999999974052
"MA1100.2",179,6812,15.3253424657534,17.03,0.899902669744769,0.948067706094441,"ASCL1",0.999999999974052
"MA0063.2",75,3047,6.42123287671233,7.6175,0.842958040920555,0.950198462191644,"NKX2-5",0.999999999974052
"MA1119.1",99,3931,8.47602739726027,9.8275,0.862480528848667,0.950223049805154,"SIX2",0.999999999974052
"MA0041.1",201,7607,17.208904109589,19.0175,0.904898336247616,0.950474535992374,"Foxd3",0.999999999974052
"MA1655.1",151,5822,12.9280821917808,14.555,0.888222754502289,0.951472779003437,"ZNF341",0.999999999974052
"MA0714.1",66,2720,5.65068493150685,6.8,0.830983078162772,0.952800982299752,"PITX3",0.999999999974052
"MA0643.1",93,3721,7.96232876712329,9.3025,0.855934293697747,0.953139073175193,"Esrrg",0.999999999974052
"MA0629.1",48,2044,4.10958904109589,5.11,0.804224861271211,0.953495872026937,"Rhox11",0.999999999974052
"MA0483.1",148,5736,12.6712328767123,14.34,0.883628513020386,0.956633953938649,"Gfi1b",0.999999999974052
"MA0019.1",39,1709,3.33904109589041,4.2725,0.781519273467621,0.957093853821934,"Ddit3::Cebpa",0.999999999974052
"MA0682.2",61,2547,5.22260273972603,6.3675,0.820196739650731,0.957417124942611,"PITX1",0.999999999974052
"MA0867.2",161,6208,13.7842465753425,15.52,0.888160217483406,0.957445151360061,"SOX4",0.999999999974052
"MA1616.1",163,6280,13.9554794520548,15.7,0.888884041532153,0.957463096894163,"Prdm15",0.999999999974052
"MA0043.3",56,2361,4.7945205479452,5.9025,0.812286412188938,0.958204353157589,"HLF",0.999999999974052
"MA0756.1",39,1715,3.33904109589041,4.2875,0.778785095251408,0.95929757543774,"ONECUT2",0.999999999974052
"MA1118.1",73,3008,6.25,7.52,0.831117021276596,0.96076176618761,"SIX1",0.999999999974052
"MA0914.1",64,2673,5.47945205479452,6.6825,0.819970378570074,0.961333663428919,"ISL2",0.999999999974052
"MA0727.1",51,2183,4.36643835616438,5.4575,0.800080321789168,0.961851370893677,"NR3C2",0.999999999974052
"MA1608.1",43,1879,3.68150684931507,4.6975,0.783716199960632,0.962582926141875,"Isl1",0.999999999974052
"MA0591.1",146,5693,12.5,14.2325,0.878271561566837,0.962793291418496,"Bach1::Mafk",0.999999999974052
"MA0857.1",101,4054,8.6472602739726,10.135,0.853207723134939,0.96304716821491,"Rarb",0.999999999974052
"MA0508.3",263,9873,22.5171232876712,24.6825,0.912270770289526,0.963184577482367,"PRDM1",0.999999999974052
"MA0047.3",94,3803,8.04794520547945,9.5075,0.846483850168756,0.964612799507896,"FOXA2",0.999999999974052
"MA1112.2",130,5126,11.1301369863014,12.815,0.868524150316143,0.965435717667323,"NR4A1",0.999999999974052
"MA0072.1",63,2653,5.39383561643836,6.6325,0.813243213937182,0.966064321040898,"RORA(var.2)",0.999999999974052
"MA0467.1",74,3068,6.33561643835616,7.67,0.826025611258952,0.96648690591278,"Crx",0.999999999974052
"MA1111.1",107,4292,9.16095890410959,10.73,0.853770634120185,0.966788404212328,"NR2F2",0.999999999974052
"MA0908.1",22,1064,1.88356164383562,2.66,0.708105881141209,0.966789281321407,"HOXD11",0.999999999974052
"MA0906.1",20,983,1.71232876712329,2.4575,0.696776710935214,0.967005779396131,"HOXC12",0.999999999974052
"MA0816.1",196,7525,16.7808219178082,18.8125,0.892003822873527,0.968565694482254,"Ascl2",0.999999999974052
"MA1563.1",58,2477,4.96575342465753,6.1925,0.801898009633837,0.969361032019953,"SOX18",0.999999999974052
"MA0106.3",43,1903,3.68150684931507,4.7575,0.773832233171848,0.969646674388,"TP53",0.999999999974052
"MA0673.1",82,3385,7.02054794520548,8.4625,0.829606847291637,0.970455730774983,"NKX2-8",0.999999999974052
"MA0596.1",90,3684,7.7054794520548,9.21,0.836642720092811,0.970708454718457,"SREBF2",0.999999999974052
"MA0100.3",80,3313,6.84931506849315,8.2825,0.826962278115684,0.970997129526159,"MYB",0.999999999974052
"MA0122.3",58,2486,4.96575342465753,6.215,0.798994919494374,0.971460292602109,"Nkx3-2",0.999999999974052
"MA0886.1",26,1240,2.22602739726027,3.1,0.718073353954927,0.97164011445096,"EMX2",0.999999999974052
"MA0774.1",85,3504,7.27739726027397,8.76,0.830753111903422,0.971867323374482,"MEIS2",0.999999999974052
"MA1629.1",272,10260,23.2876712328767,25.65,0.907901412587786,0.972880890911205,"Zic2",0.999999999974052
"MA0495.3",100,4070,8.56164383561644,10.175,0.841439197603581,0.97351739618764,"MAFF",0.999999999974052
"MA1636.1",52,2270,4.45205479452055,5.675,0.784503047492607,0.974420404327726,"CEBPG(var.2)",0.999999999974052
"MA1648.1",209,8040,17.8938356164384,20.1,0.890240577932256,0.975421553826327,"TCF12(var.2)",0.999999999974052
"MA0522.3",205,7899,17.5513698630137,19.7475,0.888789460084249,0.975694304939676,"TCF3",0.999999999974052
"MA0743.2",84,3488,7.19178082191781,8.72,0.824745507100666,0.975727177052817,"SCRT1",0.999999999974052
"MA1152.1",145,5736,12.4143835616438,14.34,0.865717124242945,0.975960300136063,"SOX15",0.999999999974052
"MA0660.1",89,3679,7.61986301369863,9.1975,0.828471107768266,0.976440341506446,"MEF2B",0.999999999974052
"MA0593.1",123,4940,10.5308219178082,12.35,0.852698130996617,0.977034766749019,"FOXP2",0.999999999974052
"MA0148.4",86,3571,7.36301369863014,8.9275,0.824756505027179,0.977086273477507,"FOXA1",0.999999999974052
"MA0002.2",167,6549,14.2979452054795,16.3725,0.873290285874451,0.977865578174247,"RUNX1",0.999999999974052
"MA0896.1",44,1990,3.76712328767123,4.975,0.757210711089695,0.980358194573433,"Hmx1",0.999999999974052
"MA0843.1",24,1192,2.05479452054794,2.98,0.689528362599982,0.980509331909474,"TEF",0.999999999974052
"MA0905.1",27,1320,2.31164383561644,3.3,0.700498132004981,0.981667384123073,"HOXC10",0.999999999974052
"MA0691.1",83,3490,7.10616438356164,8.725,0.81446010126781,0.98170150899364,"TFAP4",0.999999999974052
"MA0499.2",162,6402,13.8698630136986,16.005,0.866595627222657,0.981716732186971,"MYOD1",0.999999999974052
"MA1481.1",28,1362,2.3972602739726,3.405,0.704041196467725,0.981940050684635,"DRGX",0.999999999974052
"MA0644.1",37,1730,3.16780821917808,4.325,0.732441206746378,0.983155863201362,"ESX1",0.999999999974052
"MA1503.1",19,997,1.62671232876712,2.4925,0.652642860087111,0.983386788572951,"HOXB9",0.999999999974052
"MA1558.1",167,6603,14.2979452054795,16.5075,0.866148429833679,0.983637486086718,"SNAI1",0.999999999974052
"MA0883.1",32,1533,2.73972602739726,3.8325,0.714866543352188,0.983675332739543,"Dmbx1",0.999999999974052
"MA1505.1",16,874,1.36986301369863,2.185,0.626939594370082,0.984438264525601,"HOXC8",0.999999999974052
"MA0679.2",83,3520,7.10616438356164,8.8,0.807518679950187,0.98534504482526,"ONECUT1",0.999999999974052
"MA0029.1",82,3485,7.02054794520548,8.7125,0.8058017727639,0.98564601528396,"Mecom",0.999999999974052
"MA0463.2",90,3787,7.7054794520548,9.4675,0.813887452025856,0.985712141344851,"BCL6",0.999999999974052
"MA0154.4",179,7062,15.3253424657534,17.655,0.868045452605688,0.985714764627639,"EBF1",0.999999999974052
"MA1649.1",153,6119,13.0993150684931,15.2975,0.856304302565331,0.985918706048534,"ZBTB12",0.999999999974052
"MA0804.1",29,1425,2.48287671232877,3.5625,0.696947849074742,0.985924204568055,"TBX19",0.999999999974052
"MA0046.2",55,2460,4.70890410958904,6.15,0.765675464973828,0.986512302556035,"HNF1A",0.999999999974052
"MA0625.1",97,4061,8.30479452054795,10.1525,0.818004877670322,0.986843126573359,"NFATC3",0.999999999974052
"MA1540.1",133,5398,11.3869863013699,13.495,0.843792982687652,0.986936356172634,"NR5A1",0.999999999974052
"MA0597.1",138,5589,11.8150684931507,13.9725,0.845594452900389,0.987510564395616,"THAP1",0.999999999974052
"MA1110.1",53,2391,4.53767123287671,5.9775,0.759125258532281,0.987533911319273,"NR1H4",0.999999999974052
"MA0505.1",186,7340,15.9246575342466,18.35,0.867828748460304,0.987571792072954,"Nr5a2",0.999999999974052
"MA1631.1",231,8962,19.777397260274,22.405,0.882722484279133,0.987694592945404,"ASCL1(var.2)",0.999999999974052
"MA0879.1",30,1482,2.56849315068493,3.705,0.69325051300538,0.988271262647799,"Dlx1",0.999999999974052
"MA0614.1",74,3208,6.33561643835616,8.02,0.789977112014484,0.988339563400497,"Foxj2",0.999999999974052
"MA1641.1",112,4639,9.58904109589041,11.5975,0.826819667677552,0.988408068933932,"MYF5",0.999999999974052
"MA0729.1",81,3484,6.93493150684932,8.71,0.79620338769797,0.989191677593787,"RARA",0.999999999974052
"MA0869.1",78,3370,6.67808219178082,8.425,0.792650705255884,0.989197587275155,"Sox11",0.999999999974052
"MA1645.1",116,4802,9.93150684931507,12.005,0.827280870413583,0.989486820861518,"NKX2-2",0.999999999974052
"MA0893.2",41,1936,3.51027397260274,4.84,0.725263217479905,0.989495648418262,"GSX2",0.999999999974052
"MA1606.1",98,4134,8.39041095890411,10.335,0.811844311456614,0.989827590723205,"Foxf1",0.999999999974052
"MA0788.1",91,3871,7.79109589041096,9.6775,0.805073199732468,0.989870715525476,"POU3F3",0.999999999974052
"MA0887.1",21,1120,1.79794520547945,2.8,0.642123287671233,0.989892247383352,"EVX1",0.999999999974052
"MA0624.1",96,4063,8.21917808219178,10.1575,0.809173328298477,0.990138051270884,"NFATC1",0.999999999974052
"MA0805.1",106,4453,9.07534246575342,11.1325,0.815211539703878,0.991135284145798,"TBX1",0.999999999974052
"MA0889.1",28,1424,2.3972602739726,3.56,0.673387717408034,0.99114597941052,"GBX1",0.999999999974052
"MA1105.2",87,3740,7.4486301369863,9.35,0.796644934437038,0.991335036197637,"GRHL2",0.999999999974052
"MA0141.3",90,3855,7.7054794520548,9.6375,0.79953094184745,0.991423169029019,"ESRRB",0.999999999974052
"MA0630.1",38,1838,3.25342465753425,4.595,0.708035834066213,0.991679012194333,"SHOX",0.999999999974052
"MA0717.1",38,1838,3.25342465753425,4.595,0.708035834066213,0.991679012194333,"RAX2",0.999999999974052
"MA0913.2",58,2633,4.96575342465753,6.5825,0.754387151486143,0.991870723705583,"HOXD9",0.999999999974052
"MA0878.2",49,2282,4.19520547945205,5.705,0.735355912261535,0.992069765765317,"CDX1",0.999999999974052
"MA0745.2",121,5030,10.3595890410959,12.575,0.823824178218361,0.992138561335945,"SNAI2",0.999999999974052
"MA1619.1",116,4844,9.93150684931507,12.11,0.820107914889766,0.992157886113994,"Ptf1a(var.2)",0.999999999974052
"MA0670.1",86,3723,7.36301369863014,9.3075,0.791083932165473,0.992657256101448,"NFIA",0.999999999974052
"MA0114.4",115,4817,9.8458904109589,12.0425,0.817595217850023,0.99271518727011,"HNF4A",0.999999999974052
"MA1498.1",29,1484,2.48287671232877,3.71,0.669239006018536,0.992901020354809,"HOXA7",0.999999999974052
"MA1571.1",55,2531,4.70890410958904,6.3275,0.744196619453029,0.992962553950204,"TGIF2LX",0.999999999974052
"MA1525.1",100,4266,8.56164383561644,10.665,0.802779543892774,0.993341836227285,"NFATC4",0.999999999974052
"MA1496.1",30,1532,2.56849315068493,3.83,0.67062484352087,0.993431393100269,"HOXA4",0.999999999974052
"MA1504.1",30,1532,2.56849315068493,3.83,0.67062484352087,0.993431393100269,"HOXC4",0.999999999974052
"MA1507.1",30,1532,2.56849315068493,3.83,0.67062484352087,0.993431393100269,"HOXD4",0.999999999974052
"MA0773.1",103,4381,8.81849315068493,10.9525,0.805158014214557,0.993436621455437,"MEF2D",0.999999999974052
"MA0083.3",26,1367,2.22602739726027,3.4175,0.651361345211492,0.993591752666864,"SRF",0.999999999974052
"MA0789.1",71,3169,6.07876712328767,7.9225,0.767278904801221,0.993838757620695,"POU3F4",0.999999999974052
"MA0501.1",107,4542,9.16095890410959,11.355,0.806777534487855,0.993931149769342,"MAF::NFE2",0.999999999974052
"MA0754.1",10,669,0.856164383561644,1.6725,0.511906955791715,0.994333680198979,"CUX1",0.999999999974052
"MA1594.1",80,3528,6.84931506849315,8.82,0.776566334296276,0.994455423114055,"ZNF382",0.999999999974052
"MA0690.1",79,3492,6.76369863013699,8.73,0.774765020634248,0.994567178433001,"TBX21",0.999999999974052
"MA1502.1",19,1080,1.62671232876712,2.7,0.602486047691527,0.994602400062038,"HOXB8",0.999999999974052
"MA0910.2",19,1080,1.62671232876712,2.7,0.602486047691527,0.994602400062038,"HOXD8",0.999999999974052
"MA0725.1",23,1254,1.96917808219178,3.135,0.62812697996548,0.994672216134951,"VSX1",0.999999999974052
"MA0726.1",23,1254,1.96917808219178,3.135,0.62812697996548,0.994672216134951,"VSX2",0.999999999974052
"MA0851.1",128,5347,10.958904109589,13.3675,0.819817027087267,0.994713216546536,"Foxj3",0.999999999974052
"MA1567.1",83,3654,7.10616438356164,9.135,0.7779052417692,0.99493978793718,"TBX6",0.999999999974052
"MA1576.1",114,4838,9.76027397260274,12.095,0.806967670326808,0.995254361981781,"THRB(var.3)",0.999999999974052
"MA0161.2",143,5925,12.2431506849315,14.8125,0.826541818392,0.995424555695611,"NFIC",0.999999999974052
"MA0628.1",20,1137,1.71232876712329,2.8425,0.602402380694208,0.995525036778684,"POU6F1",0.999999999974052
"MA0755.1",10,685,0.856164383561644,1.7125,0.4999500049995,0.995717239017755,"CUX2",0.999999999974052
"MA0515.1",163,6674,13.9554794520548,16.685,0.836408717534,0.995736976848403,"Sox6",0.999999999974052
"MA0785.1",79,3522,6.76369863013699,8.805,0.768165659300055,0.995797791771185,"POU2F1",0.999999999974052
"MA0602.1",36,1819,3.08219178082192,4.5475,0.677777192044402,0.995846500456508,"Arid5a",0.999999999974052
"MA0705.1",27,1444,2.31164383561644,3.61,0.640344552802337,0.995874033492808,"Lhx8",0.999999999974052
"MA0610.1",36,1823,3.08219178082192,4.5575,0.676290023219291,0.996034251379966,"DMRT3",0.999999999974052
"MA0894.1",30,1574,2.56849315068493,3.935,0.652730152651825,0.99605280250749,"HESX1",0.999999999974052
"MA0833.2",48,2314,4.10958904109589,5.785,0.710387042540344,0.996168062438155,"ATF4",0.999999999974052
"MA1501.1",29,1535,2.48287671232877,3.8375,0.647003703538441,0.996199736444806,"HOXB7",0.999999999974052
"MA0070.1",44,2155,3.76712328767123,5.3875,0.699234020913454,0.996262489688044,"PBX1",0.999999999974052
"MA0484.2",112,4800,9.58904109589041,12,0.799086757990867,0.996427979006791,"HNF4G",0.999999999974052
"MA0892.1",44,2160,3.76712328767123,5.4,0.697615423642821,0.99645984451199,"GSX1",0.999999999974052
"MA0071.1",81,3627,6.93493150684932,9.0675,0.764811856283354,0.996701024098043,"RORA",0.999999999974052
"MA0140.2",59,2768,5.0513698630137,6.92,0.729966743210072,0.996722518987987,"GATA1::TAL1",0.999999999974052
"MA0722.1",30,1589,2.56849315068493,3.9725,0.646568445735666,0.996724916921234,"VAX1",0.999999999974052
"MA0723.1",30,1589,2.56849315068493,3.9725,0.646568445735666,0.996724916921234,"VAX2",0.999999999974052
"MA0153.2",32,1675,2.73972602739726,4.1875,0.654262931915764,0.996804965027015,"HNF1B",0.999999999974052
"MA0671.1",76,3437,6.50684931506849,8.5925,0.757270796051032,0.996806303284505,"NFIX",0.999999999974052
"MA1115.1",100,4371,8.56164383561644,10.9275,0.783495203442365,0.997097150590296,"POU5F1",0.999999999974052
"MA1572.1",48,2343,4.10958904109589,5.8575,0.701594373213127,0.997181756821777,"TGIF2LY",0.999999999974052
"MA0718.1",32,1696,2.73972602739726,4.24,0.646161798914448,0.997536319828959,"RAX",0.999999999974052
"MA1654.1",198,8042,16.9520547945205,20.105,0.843176065382768,0.997569641203242,"ZNF16",0.999999999974052
"MA0103.3",189,7713,16.1815068493151,19.2825,0.839180959383642,0.997573245644498,"ZEB1",0.999999999974052
"MA0775.1",75,3429,6.42123287671233,8.5725,0.749050204340896,0.997590346606539,"MEIS3",0.999999999974052
"MA0699.1",35,1827,2.99657534246575,4.5675,0.65606466173306,0.997688933049372,"LBX2",0.999999999974052
"MA0077.1",43,2158,3.68150684931507,5.395,0.682392372440235,0.997696422492337,"SOX9",0.999999999974052
"MA1499.1",29,1576,2.48287671232877,3.94,0.630171754398164,0.997748752325128,"HOXB4",0.999999999974052
"MA0032.2",105,4597,8.98972602739726,11.4925,0.782225453765261,0.997831000342093,"FOXC1",0.999999999974052
"MA1577.1",28,1540,2.3972602739726,3.85,0.62266500622665,0.997939351977103,"TLX2",0.999999999974052
"MA0845.1",94,4184,8.04794520547945,10.46,0.769402027292491,0.997972321636081,"FOXB1",0.999999999974052
"MA0661.1",31,1670,2.6541095890411,4.175,0.63571487162661,0.997994134058766,"MEOX1",0.999999999974052
"MA0712.2",67,3135,5.73630136986301,7.8375,0.731904481003255,0.998005441862526,"OTX2",0.999999999974052
"MA0870.1",41,2089,3.51027397260274,5.2225,0.672144370053181,0.998019647942498,"Sox1",0.999999999974052
"MA0693.2",78,3569,6.67808219178082,8.9225,0.748454154304379,0.998050851946596,"VDR",0.999999999974052
"MA1579.1",185,7599,15.8390410958904,18.9975,0.833743444973834,0.998055872032787,"ZBTB26",0.999999999974052
"MA0713.1",43,2181,3.68150684931507,5.4525,0.675196120919774,0.998228160766981,"PHOX2A",0.999999999974052
"MA0801.1",84,3817,7.19178082191781,9.5425,0.753657932608625,0.998292445908279,"MGA",0.999999999974052
"MA0803.1",84,3817,7.19178082191781,9.5425,0.753657932608625,0.998292445908279,"TBX15",0.999999999974052
"MA1124.1",94,4209,8.04794520547945,10.5225,0.764832046137273,0.998368503432373,"ZNF24",0.999999999974052
"MA1120.1",70,3275,5.99315068493151,8.1875,0.731987869915299,0.998384408314289,"SOX13",0.999999999974052
"MA0787.1",85,3865,7.27739726027397,9.6625,0.753158836768328,0.998428890822829,"POU3F2",0.999999999974052
"MA0503.1",128,5518,10.958904109589,13.795,0.794411316389202,0.998540415656127,"Nkx2-5(var.2)",0.999999999974052
"MA1487.1",125,5406,10.7020547945205,13.515,0.791864949650059,0.998555308411426,"FOXE1",0.999999999974052
"MA0806.1",68,3212,5.82191780821918,8.03,0.725020897661168,0.998620871272426,"TBX4",0.999999999974052
"MA0807.1",68,3212,5.82191780821918,8.03,0.725020897661168,0.998620871272426,"TBX5",0.999999999974052
"MA0768.1",114,4997,9.76027397260274,12.4925,0.781290692223553,0.998648955834655,"LEF1",0.999999999974052
"MA0890.1",31,1709,2.6541095890411,4.2725,0.621207627628109,0.998791578322467,"GBX2",0.999999999974052
"MA0084.1",52,2583,4.45205479452055,6.4575,0.689439379716693,0.998792440342505,"SRY",0.999999999974052
"MA0634.1",44,2256,3.76712328767123,5.64,0.667929660934616,0.998802917395785,"ALX3",0.999999999974052
"MA1497.1",27,1537,2.31164383561644,3.8425,0.601598916230693,0.998803561789792,"HOXA6",0.999999999974052
"MA0752.1",42,2176,3.5958904109589,5.44,0.661009266720387,0.998842444887066,"ZNF410",0.999999999974052
"MA0654.1",28,1585,2.3972602739726,3.9625,0.604986819929994,0.998875788059278,"ISX",0.999999999974052
"MA0716.1",28,1585,2.3972602739726,3.9625,0.604986819929994,0.998875788059278,"PRRX1",0.999999999974052
"MA0701.2",28,1585,2.3972602739726,3.9625,0.604986819929994,0.998875788059278,"LHX9",0.999999999974052
"MA0846.1",150,6379,12.8424657534247,15.9475,0.805296488692564,0.998886057282512,"FOXC2",0.999999999974052
"MA0710.1",29,1631,2.48287671232877,4.0775,0.608921327364505,0.998915861281272,"NOTO",0.999999999974052
"MA1151.1",55,2715,4.70890410958904,6.7875,0.693761194782916,0.99892095093007,"RORC",0.999999999974052
"MA0866.1",56,2760,4.7945205479452,6.9,0.694858050426841,0.998972633069842,"SOX21",0.999999999974052
"MA0619.1",76,3560,6.50684931506849,8.9,0.731106664614437,0.998992762915169,"LIN54",0.999999999974052
"MA0465.2",76,3562,6.50684931506849,8.905,0.730696161153115,0.999012269343119,"CDX2",0.999999999974052
"MA0903.1",40,2109,3.42465753424658,5.2725,0.64953201218522,0.99905070698534,"HOXB3",0.999999999974052
"MA0689.1",83,3845,7.10616438356164,9.6125,0.739262874752837,0.999085226037332,"TBX20",0.999999999974052
"MA0731.1",82,3807,7.02054794520548,9.5175,0.737646224870552,0.999095589385952,"BCL6B",0.999999999974052
"MA1478.1",37,1987,3.16780821917808,4.9675,0.637706737630213,0.999098925317249,"DMRTA2",0.999999999974052
"MA0721.1",34,1865,2.91095890410959,4.6625,0.624334349406882,0.999159522995669,"UNCX",0.999999999974052
"MA0799.1",85,3943,7.27739726027397,9.8575,0.73825993003033,0.999241800792988,"RFX4",0.999999999974052
"MA0009.2",26,1527,2.22602739726027,3.8175,0.583111302491231,0.999257253794897,"TBXT",0.999999999974052
"MA0479.1",64,3119,5.47945205479452,7.7975,0.702719083654315,0.999304909673045,"FOXH1",0.999999999974052
"MA0854.1",29,1666,2.48287671232877,4.165,0.596128862503906,0.999329951552736,"Alx1",0.999999999974052
"MA0698.1",129,5655,11.0445205479452,14.1375,0.781221612586752,0.999349688704908,"ZBTB18",0.999999999974052
"MA0040.1",71,3412,6.07876712328767,8.53,0.71263389487546,0.999391867230253,"Foxq1",0.999999999974052
"MA0800.1",69,3337,5.90753424657534,8.3425,0.708125171899951,0.999422021663136,"EOMES",0.999999999974052
"MA1121.1",83,3893,7.10616438356164,9.7325,0.730147894534975,0.999425057147796,"TEAD2",0.999999999974052
"MA0786.1",86,4019,7.36301369863014,10.0475,0.732820472618078,0.999468392561614,"POU3F1",0.999999999974052
"MA0089.2",111,4992,9.50342465753425,12.48,0.761492360379347,0.999475667965706,"NFE2L1",0.999999999974052
"MA0143.4",64,3149,5.47945205479452,7.8725,0.696024395655068,0.9994961071276,"SOX2",0.999999999974052
"MA0513.1",194,8120,16.6095890410959,20.3,0.818206356704231,0.999499775508777,"SMAD2::SMAD3::SMAD4",0.999999999974052
"MA0688.1",70,3391,5.99315068493151,8.4775,0.706947883802006,0.999500799913002,"TBX2",0.999999999974052
"MA0078.1",61,3029,5.22260273972603,7.5725,0.689680124097197,0.999503427819696,"Sox17",0.999999999974052
"MA1559.1",127,5625,10.8732876712329,14.0625,0.773211567732116,0.999560556117266,"SNAI3",0.999999999974052
"MA0132.2",37,2045,3.16780821917808,5.1125,0.619620189570285,0.999573439825261,"PDX1",0.999999999974052
"MA0792.1",68,3329,5.82191780821918,8.3225,0.699539538386203,0.999588683013131,"POU5F1B",0.999999999974052
"MA0639.1",19,1252,1.62671232876712,3.13,0.519716398967132,0.999609495404632,"DBP",0.999999999974052
"MA0704.1",20,1299,1.71232876712329,3.2475,0.527275986797009,0.999612909064115,"Lhx4",0.999999999974052
"MA0090.3",95,4408,8.13356164383562,11.02,0.738072744449693,0.999625824742085,"TEAD1",0.999999999974052
"MA0868.2",64,3178,5.47945205479452,7.945,0.68967300878471,0.999632873878172,"SOX8",0.999999999974052
"MA0897.1",46,2439,3.93835616438356,6.0975,0.645896869927603,0.999639457636148,"Hmx2",0.999999999974052
"MA0847.2",107,4880,9.16095890410959,12.2,0.750898270828655,0.999643467828673,"FOXD2",0.999999999974052
"MA0703.2",45,2399,3.8527397260274,5.9975,0.642390950567303,0.999648010997055,"LMX1B",0.999999999974052
"MA1646.1",209,8724,17.8938356164384,21.81,0.820441798094377,0.999658065129301,"OSR2",0.999999999974052
"MA0707.1",53,2738,4.53767123287671,6.845,0.66291763811201,0.999671993176581,"MNX1",0.999999999974052
"MA0681.2",99,4578,8.47602739726027,11.445,0.740587802294476,0.999672150839277,"PHOX2B",0.999999999974052
"MA1621.1",119,5359,10.1883561643836,13.3975,0.760466965059419,0.999691961083286,"Rbpjl",0.999999999974052
"MA0613.1",72,3517,6.16438356164384,8.7925,0.701095656712407,0.999692756445054,"FOXG1",0.999999999974052
"MA0853.1",25,1550,2.14041095890411,3.875,0.552364118426867,0.99972700685114,"Alx4",0.999999999974052
"MA0658.1",20,1321,1.71232876712329,3.3025,0.51849470616905,0.999728814364561,"LHX6",0.999999999974052
"MA0068.2",16,1135,1.36986301369863,2.8375,0.482771106149297,0.999744629382359,"PAX4",0.999999999974052
"MA0618.1",31,1823,2.6541095890411,4.5575,0.582360853327723,0.999747728310811,"LBX1",0.999999999974052
"MA1647.1",159,6906,13.6130136986301,17.265,0.788474584340002,0.999754515678835,"PRDM4",0.999999999974052
"MA0025.2",50,2640,4.28082191780822,6.6,0.648609381486094,0.999761805961618,"NFIL3",0.999999999974052
"MA0510.2",82,3941,7.02054794520548,9.8525,0.712565130190863,0.999762385376696,"RFX5",0.999999999974052
"MA0901.2",113,5159,9.67465753424658,12.8975,0.750118824132318,0.999768976388484,"HOXB13",0.999999999974052
"MA0665.1",97,4546,8.30479452054795,11.365,0.730734229700655,0.999790683082903,"MSC",0.999999999974052
"MA0667.1",67,3353,5.73630136986301,8.3825,0.684318684147094,0.99979688542018,"MYF6",0.999999999974052
"MA1607.1",94,4433,8.04794520547945,11.0825,0.726184994854902,0.999800602480051,"Foxl2",0.999999999974052
"MA0826.1",16,1150,1.36986301369863,2.875,0.476474091721263,0.999803626199989,"OLIG1",0.999999999974052
"MA0802.1",65,3275,5.56506849315068,8.1875,0.679703022064206,0.9998043991409,"TBR1",0.999999999974052
"MA0150.2",106,4906,9.07534246575342,12.265,0.739938236098934,0.999806606245302,"Nfe2l2",0.999999999974052
"MA0798.2",129,5800,11.0445205479452,14.5,0.761691072272083,0.999815881552864,"RFX3",0.999999999974052
"MA1519.1",25,1576,2.14041095890411,3.94,0.543251512412211,0.999816827274757,"LHX5",0.999999999974052
"MA1113.2",56,2912,4.7945205479452,7.28,0.658587987355111,0.999818715045758,"PBX2",0.999999999974052
"MA1150.1",52,2748,4.45205479452055,6.87,0.64804291041056,0.999823598683636,"RORB",0.999999999974052
"MA0627.2",91,4329,7.79109589041096,10.8225,0.719897980171953,0.999827420268785,"POU2F3",0.999999999974052
"MA0601.1",60,3085,5.13698630136986,7.7125,0.666059812171133,0.999834908789072,"Arid3b",0.999999999974052
"MA1155.1",177,7633,15.1541095890411,19.0825,0.794136490975558,0.999839529906358,"ZSCAN4",0.999999999974052
"MA1593.1",149,6586,12.7568493150685,16.465,0.77478586790577,0.9998500505989,"ZNF317",0.999999999974052
"MA0621.1",42,2342,3.5958904109589,5.855,0.614157200846952,0.999857336895938,"mix-a",0.999999999974052
"MA0898.1",46,2513,3.93835616438356,6.2825,0.626877224732759,0.999858237664594,"Hmx3",0.999999999974052
"MA0600.2",72,3593,6.16438356164384,8.9825,0.686265912790853,0.999865958760226,"RFX2",0.999999999974052
"MA0669.1",35,2046,2.99657534246575,5.115,0.585840731664859,0.999870932892515,"NEUROG2",0.999999999974052
"MA0523.1",112,5190,9.58904109589041,12.975,0.739039776176525,0.999880953217718,"TCF7L2",0.999999999974052
"MA0784.1",84,4099,7.19178082191781,10.2475,0.701808326120303,0.999895800606651,"POU1F1",0.999999999974052
"MA0683.1",64,3290,5.47945205479452,8.225,0.666194778698422,0.999897338227694,"POU4F2",0.999999999974052
"MA1421.1",108,5060,9.24657534246575,12.65,0.730954572526937,0.999907837945107,"TCF7L1",0.999999999974052
"MA0075.3",32,1944,2.73972602739726,4.86,0.563729635266926,0.999917223620339,"PRRX2",0.999999999974052
"MA0509.2",124,5712,10.6164383561644,14.28,0.74344806415717,0.999930621205889,"RFX1",0.999999999974052
"MA0606.1",105,4977,8.98972602739726,12.4425,0.722501589503497,0.999934974517016,"NFAT5",0.999999999974052
"MA1467.1",147,6605,12.5856164383562,16.5125,0.762187218068504,0.999935895091907,"ATOH1(var.2)",0.999999999974052
"MA1549.1",44,2489,3.76712328767123,6.2225,0.605403501433706,0.999937082844065,"POU6F1(var.2)",0.999999999974052
"MA0874.1",21,1458,1.79794520547945,3.645,0.49326343085856,0.999939186984683,"Arx",0.999999999974052
"MA1471.1",41,2363,3.51027397260274,5.9075,0.594206343225178,0.999940278861477,"BARX2",0.999999999974052
"MA0797.1",68,3515,5.82191780821918,8.7875,0.662522652428925,0.999949738913664,"TGIF2",0.999999999974052
"MA0662.1",30,1889,2.56849315068493,4.7225,0.543884203427196,0.999951182736608,"MIXL1",0.999999999974052
"MA1640.1",53,2897,4.53767123287671,7.2425,0.626533825733754,0.999954119425878,"MEIS2(var.2)",0.999999999974052
"MA0642.1",18,1333,1.54109589041096,3.3325,0.462444378217842,0.99995690722332,"EN2",0.999999999974052
"MA0702.2",30,1899,2.56849315068493,4.7475,0.541020147590296,0.99995816096434,"LMX1A",0.999999999974052
"MA0739.1",74,3781,6.33561643835616,9.4525,0.670258284935854,0.999960265176897,"Hic1",0.999999999974052
"MA1500.1",26,1721,2.22602739726027,4.3025,0.517379987742074,0.999961807138676,"HOXB6",0.999999999974052
"MA1476.1",17,1293,1.45547945205479,3.2325,0.450264331648815,0.999963573810242,"DLX5",0.999999999974052
"MA1562.1",31,1963,2.6541095890411,4.9075,0.540827221404197,0.999968592024524,"SOX14",0.999999999974052
"MA0706.1",33,2064,2.82534246575342,5.16,0.547546989487098,0.99997322757687,"MEOX2",0.999999999974052
"MA1620.1",115,5458,9.8458904109589,13.645,0.721574965991858,0.999973568523572,"Ptf1a(var.3)",0.999999999974052
"MA0674.1",28,1843,2.3972602739726,4.6075,0.520295230379295,0.999976185811586,"NKX6-1",0.999999999974052
"MA1601.1",186,8194,15.9246575342466,20.485,0.777381378288825,0.999976367196815,"ZNF75D",0.999999999974052
"MA1479.1",36,2210,3.08219178082192,5.525,0.557862765759623,0.999977381763603,"DMRTC2",0.999999999974052
"MA0809.2",87,4364,7.4486301369863,10.91,0.68273420137363,0.999978821473707,"TEAD4",0.999999999974052
"MA0668.1",12,1065,1.02739726027397,2.6625,0.38587690526722,0.999978838401416,"NEUROD2",0.999999999974052
"MA0832.1",75,3880,6.42123287671233,9.7,0.661982770795085,0.999979960987129,"Tcf21",0.999999999974052
"MA0790.1",67,3559,5.73630136986301,8.8975,0.64470934193459,0.999982182131639,"POU4F1",0.999999999974052
"MA1639.1",42,2494,3.5958904109589,6.235,0.576726609616504,0.999982600991968,"MEIS1(var.2)",0.999999999974052
"MA0675.1",49,2799,4.19520547945205,6.9975,0.599529186059601,0.999982621240904,"NKX6-2",0.999999999974052
"MA1123.2",111,5360,9.50342465753425,13.4,0.709210795338377,0.999985858630917,"TWIST1",0.999999999974052
"MA1132.1",64,3456,5.47945205479452,8.64,0.634195839675292,0.99998654311048,"JUN::JUNB",0.999999999974052
"MA0793.1",38,2343,3.25342465753425,5.8575,0.555428878793725,0.999988213266782,"POU6F2",0.999999999974052
"MA1530.1",33,2120,2.82534246575342,5.3,0.53308348410442,0.99998874561383,"NKX6-3",0.999999999974052
"MA1633.1",131,6173,11.2157534246575,15.4325,0.72676192610773,0.999989383658019,"BACH1",0.999999999974052
"MA0135.1",52,2970,4.45205479452055,7.425,0.599603339329367,0.999990184623053,"Lhx3",0.999999999974052
"MA1101.2",57,3194,4.88013698630137,7.985,0.611163054013947,0.999991379566063,"BACH2",0.999999999974052
"MA1134.1",76,3993,6.50684931506849,9.9825,0.651825626352967,0.999991596434489,"FOS::JUNB",0.999999999974052
"MA0796.1",63,3467,5.39383561643836,8.6675,0.622305810953373,0.999993224259151,"TGIF1",0.999999999974052
"MA0152.1",147,6863,12.5856164383562,17.1575,0.733534398272252,0.999994704373652,"NFATC2",0.999999999974052
"MA0885.1",16,1352,1.36986301369863,3.38,0.405284915295453,0.999995422495538,"Dlx2",0.999999999974052
"MA1570.1",22,1655,1.88356164383562,4.1375,0.455241484914953,0.999995488359055,"TFAP4(var.2)",0.999999999974052
"MA1144.1",77,4085,6.59246575342466,10.2125,0.645529082342684,0.999995508717996,"FOSL2::JUND",0.999999999974052
"MA0783.1",84,4375,7.19178082191781,10.9375,0.657534246575342,0.999995576443462,"PKNOX2",0.999999999974052
"MA0841.1",58,3288,4.96575342465753,8.22,0.604106256041063,0.999995688841823,"NFE2",0.999999999974052
"MA1468.1",39,2463,3.33904109589041,6.1575,0.54227220396109,0.999996238971999,"ATOH7",0.999999999974052
"MA0818.1",12,1156,1.02739726027397,2.89,0.355500782101721,0.999996768133205,"BHLHE22",0.999999999974052
"MA0142.1",94,4815,8.04794520547945,12.0375,0.668572810424046,0.999996967649365,"Pou5f1::Sox2",0.999999999974052
"MA0092.1",73,3963,6.25,9.9075,0.630835225839011,0.999997453892078,"Hand1::Tcf3",0.999999999974052
"MA0151.1",276,11790,23.6301369863014,29.475,0.801701000383422,0.999997562383156,"Arid3a",0.999999999974052
"MA0655.1",58,3334,4.96575342465753,8.335,0.595771256707563,0.99999771227976,"JDP2",0.999999999974052
"MA0817.1",14,1291,1.1986301369863,3.2275,0.371380367772673,0.999998126690623,"BHLHE23",0.999999999974052
"MA0678.1",12,1183,1.02739726027397,2.9575,0.347387070253245,0.999998174682851,"OLIG2",0.999999999974052
"MA0791.1",59,3416,5.0513698630137,8.54,0.5914953001187,0.999998670881642,"POU4F3",0.999999999974052
"MA0808.1",65,3678,5.56506849315068,9.195,0.605227677341021,0.99999874697242,"TEAD3",0.999999999974052
"MA1135.1",75,4112,6.42123287671233,10.28,0.62463354831832,0.99999891032594,"FOSB::JUNB",0.999999999974052
"MA1141.1",94,4906,8.04794520547945,12.265,0.656171643333017,0.999998992222362,"FOS::JUND",0.999999999974052
"MA1108.2",83,4458,7.10616438356164,11.145,0.637610083765065,0.999999063392304,"MXI1",0.999999999974052
"MA0478.1",95,4960,8.13356164383562,12.4,0.655932390631905,0.999999141878745,"FOSL2",0.999999999974052
"MA0769.2",77,4215,6.59246575342466,10.5375,0.625619525829149,0.999999151292301,"TCF7",0.999999999974052
"MA0507.1",81,4391,6.93493150684932,10.9775,0.631740515313078,0.999999241195725,"POU2F2",0.999999999974052
"MA0099.3",79,4312,6.76369863013699,10.78,0.62743029964165,0.99999928576132,"FOS::JUN",0.999999999974052
"MA1618.1",112,5684,9.58904109589041,14.21,0.674809366354005,0.999999427797987,"Ptf1a",0.999999999974052
"MA1128.1",91,4851,7.79109589041096,12.1275,0.642432149281464,0.999999572616575,"FOSL1::JUN",0.999999999974052
"MA1638.1",120,6035,10.2739726027397,15.0875,0.680959244589211,0.999999596315272,"HAND2",0.999999999974052
"MA1130.1",82,4483,7.02054794520548,11.2075,0.626415163524915,0.999999606520131,"FOSL2::JUN",0.999999999974052
"MA0087.1",60,3551,5.13698630136986,8.8775,0.578652357236819,0.999999640407265,"Sox5",0.999999999974052
"MA0827.1",14,1371,1.1986301369863,3.4275,0.34970974091504,0.999999646504912,"OLIG3",0.999999999974052
"MA0496.3",136,6698,11.6438356164384,16.745,0.69536193588763,0.999999700717977,"MAFK",0.999999999974052
"MA0633.1",38,2579,3.25342465753425,6.4475,0.504602506015393,0.999999718316557,"Twist2",0.999999999974052
"MA0489.1",96,5107,8.21917808219178,12.7675,0.643757829034014,0.999999772982725,"JUN(var.2)",0.999999999974052
"MA1138.1",69,3978,5.90753424657534,9.945,0.594020537614414,0.99999979008793,"FOSL2::JUNB",0.999999999974052
"MA0461.2",15,1451,1.28424657534247,3.6275,0.354030758192272,0.999999791580015,"Atoh1",0.999999999974052
"MA0477.2",88,4793,7.53424657534247,11.9825,0.628770838751718,0.999999819743194,"FOSL1",0.999999999974052
"MA1463.1",25,1986,2.14041095890411,4.965,0.431099891017948,0.999999841411775,"ARGFX",0.999999999974052
"MA1524.1",26,2048,2.22602739726027,5.12,0.434770976027397,0.999999873360917,"MSGN1",0.999999999974052
"MA0491.2",63,3768,5.39383561643836,9.42,0.572594014483902,0.99999989773546,"JUND",0.999999999974052
"MA0623.2",12,1321,1.02739726027397,3.3025,0.31109682370143,0.999999909768144,"NEUROG1",0.999999999974052
"MA1622.1",105,5612,8.98972602739726,14.03,0.640750251418194,0.999999959721886,"Smad2::Smad3",0.999999999974052
"MA1568.1",20,1804,1.71232876712329,4.51,0.379673784284543,0.999999963196831,"TCF21(var.2)",0.999999999974052
"MA1142.1",74,4317,6.33561643835616,10.7925,0.587038817545162,0.999999964112318,"FOSL1::JUND",0.999999999974052
"MA0130.1",256,11514,21.9178082191781,28.785,0.761431586561684,0.999999971992935,"ZNF354C",0.999999999974052
"MA1109.1",146,7303,12.5,18.2575,0.68465014377653,0.999999974092056,"NEUROD1",0.999999999974052
"MA0820.1",62,3833,5.30821917808219,9.5825,0.553949301130414,0.999999980125103,"FIGLA",0.999999999974052
"MA0476.1",86,4940,7.36301369863014,12.35,0.596195441184627,0.999999992493176,"FOS",0.999999999974052
"MA1137.1",72,4337,6.16438356164384,10.8425,0.568538949655876,0.999999992529766,"FOSL1::JUNB",0.999999999974052
"MA1642.1",137,7087,11.7294520547945,17.7175,0.66202636121318,0.999999995619304,"NEUROG2(var.2)",0.999999999974052
"MA0835.2",96,5498,8.21917808219178,13.745,0.597975851741854,0.999999998888748,"BATF3",0.999999999974052
"MA0490.2",57,3804,4.88013698630137,9.51,0.513158463333477,0.999999999131815,"JUNB",0.999999999974052
"MA0091.1",68,4328,5.82191780821918,10.82,0.538070037728205,0.999999999443483,"TAL1::TCF3",0.999999999974052
"MA0607.1",20,2047,1.71232876712329,5.1175,0.334602592500887,0.999999999774012,"Bhlha15",0.999999999974052
"MA1634.1",91,5506,7.79109589041096,13.765,0.566007692728729,0.999999999959907,"BATF",0.999999999974052
"MA0462.2",91,5534,7.79109589041096,13.835,0.563143902451099,0.999999999974052,"BATF::JUN",0.999999999974052
